Concurso;Data Sorteio;Bola1;Bola2;Bola3;Bola4;Bola5;Bola6;Bola7;Bola8;Bola9;Bola10;Bola11;Bola12;Bola13;Bola14;Bola15
1;29/09/03;18;20;25;23;10;11;24;14;6;2;13;9;5;16;3
2;06/10/03;23;15;5;4;12;16;20;6;11;19;24;1;9;13;7
3;13/10/03;20;23;12;8;6;1;7;11;14;4;16;10;9;17;24
4;20/10/03;16;5;25;24;23;8;12;2;17;18;1;10;4;19;13
5;27/10/03;15;13;20;2;11;24;9;16;4;23;25;12;8;19;1
6;03/11/03;23;19;1;5;7;21;16;10;15;25;6;2;12;4;17
7;10/11/03;22;4;15;8;16;14;21;23;12;1;25;19;7;10;18
8;17/11/03;19;16;18;9;13;8;5;25;17;10;6;15;1;22;20
9;24/11/03;21;4;17;5;3;13;16;9;20;24;25;19;11;15;10
10;01/12/03;24;19;8;23;6;2;20;11;9;3;4;10;5;12;14
11;08/12/03;24;9;8;19;20;22;6;10;11;16;7;25;23;2;12
12;15/12/03;11;5;25;1;9;8;16;4;7;24;17;2;12;14;10
13;22/12/03;13;6;10;5;8;14;3;11;16;15;9;17;19;7;23
14;29/12/03;14;21;13;19;20;6;9;5;7;23;18;1;15;2;25
15;05/01/04;23;6;21;4;10;24;16;1;15;2;8;19;12;18;25
16;12/01/04;24;17;5;8;7;12;13;2;15;10;19;25;23;21;6
17;19/01/04;13;20;17;1;6;7;2;14;5;9;16;19;3;21;18
18;26/01/04;2;23;10;7;11;14;17;22;15;6;24;8;19;20;18
19;02/02/04;15;17;10;23;11;24;13;14;6;2;8;5;20;16;7
20;09/02/04;4;9;8;24;16;20;3;17;18;19;7;6;23;14;10
21;16/02/04;5;2;1;22;19;8;24;4;25;23;18;20;14;11;16
22;25/02/04;13;15;5;9;7;10;1;3;22;2;25;14;6;4;12
23;01/03/04;10;11;5;19;18;14;6;4;20;1;8;3;12;16;17
24;08/03/04;1;19;21;14;2;23;25;5;20;11;7;10;24;17;3
25;15/03/04;4;23;20;2;5;13;7;9;24;3;1;6;14;22;16
26;22/03/04;19;11;7;16;8;21;5;10;20;13;23;9;17;14;22
27;29/03/04;25;6;22;21;11;24;3;14;12;13;20;8;10;15;18
28;05/04/04;18;21;11;7;9;3;20;16;14;12;13;17;1;19;10
29;12/04/04;13;14;6;1;24;4;8;5;17;22;21;19;20;9;16
30;19/04/04;22;2;1;17;8;4;19;20;11;14;6;21;7;23;3
31;26/04/04;1;3;22;14;21;17;24;15;20;13;2;19;4;25;9
32;03/05/04;10;14;9;16;15;7;22;6;4;2;1;17;23;11;20
33;10/05/04;8;20;12;16;10;21;5;2;23;19;11;24;1;14;7
34;17/05/04;7;19;16;10;23;4;18;11;8;9;20;21;1;2;15
35;24/05/04;12;1;13;23;19;21;17;11;22;6;25;16;14;5;4
36;31/05/04;7;23;10;20;1;21;4;8;11;19;17;22;24;14;5
37;07/06/04;24;20;5;15;10;22;21;3;1;23;11;4;13;8;9
38;14/06/04;14;13;8;16;1;10;3;7;15;25;9;2;24;6;22
39;21/06/04;14;15;7;19;8;9;22;17;23;18;2;11;24;13;21
40;28/06/04;10;17;16;12;14;24;8;7;5;20;21;1;13;2;22
41;05/07/04;25;4;23;18;17;19;15;13;9;3;12;20;21;16;2
42;12/07/04;1;24;12;25;4;3;21;8;11;6;15;22;14;17;5
43;19/07/04;23;22;3;17;1;24;14;19;8;6;9;18;20;7;10
44;26/07/04;23;21;12;19;5;4;6;13;14;10;3;18;24;11;25
45;02/08/04;1;23;14;16;2;19;18;7;21;9;24;25;17;5;3
46;09/08/04;6;14;8;11;24;18;19;23;2;5;4;21;10;1;25
47;16/08/04;6;8;25;18;20;5;11;10;15;13;4;22;3;2;1
48;23/08/04;15;6;21;20;2;17;5;23;11;7;13;16;18;19;22
49;30/08/04;11;2;24;8;20;16;4;13;19;6;15;22;5;23;21
50;06/09/04;2;3;7;25;21;23;10;1;13;11;20;6;12;19;9
51;13/09/04;8;1;13;14;5;22;21;7;6;23;3;17;20;11;16
52;20/09/04;25;4;16;2;15;21;12;9;11;8;24;23;1;13;22
53;27/09/04;23;3;7;17;20;14;12;2;18;24;6;1;11;9;19
54;04/10/04;22;8;12;9;21;5;20;4;24;2;7;6;14;16;18
55;11/10/04;4;6;12;15;2;3;13;16;8;9;7;25;5;18;19
56;18/10/04;19;1;5;14;16;15;17;2;13;22;20;12;23;9;24
57;25/10/04;25;17;8;11;3;6;19;22;21;7;20;1;4;12;2
58;01/11/04;20;14;11;13;19;18;15;16;5;3;6;12;17;22;4
59;08/11/04;6;8;14;1;23;20;3;15;25;11;5;7;13;10;19
60;16/11/04;17;22;16;5;3;2;18;8;25;11;1;19;4;23;24
61;22/11/04;4;15;1;23;9;14;12;11;13;19;25;16;22;5;20
62;29/11/04;9;7;1;13;20;11;3;17;25;8;14;16;15;18;24
63;06/12/04;13;19;22;17;10;4;25;9;24;8;16;11;21;12;20
64;13/12/04;13;1;10;6;25;23;14;9;7;2;18;8;20;3;17
65;20/12/04;23;19;10;7;1;17;4;2;22;16;21;15;20;18;25
66;27/12/04;8;10;23;17;11;20;2;14;21;22;15;16;24;4;1
67;03/01/05;7;24;13;20;16;5;21;12;11;8;15;22;23;10;9
68;10/01/05;9;1;25;16;6;3;5;22;7;12;8;10;2;17;23
69;17/01/05;23;7;11;15;4;17;20;8;9;24;1;18;21;10;19
70;24/01/05;14;5;9;24;6;15;12;19;20;1;2;25;16;10;3
71;31/01/05;13;3;22;5;1;21;23;6;8;11;15;18;14;16;9
72;09/02/05;2;16;5;25;23;11;18;13;24;15;1;7;8;12;17
73;14/02/05;25;17;18;2;16;19;15;13;14;5;21;11;7;1;10
74;21/02/05;8;25;3;1;2;22;16;4;5;15;6;18;13;23;11
75;28/02/05;10;8;3;16;7;25;20;4;13;6;11;15;17;5;1
76;07/03/05;15;5;12;10;19;16;21;17;25;9;13;1;23;8;3
77;14/03/05;6;20;4;9;11;17;3;8;2;21;24;14;22;25;18
78;21/03/05;15;5;17;23;1;8;7;20;16;6;12;18;3;2;13
79;28/03/05;15;14;17;2;22;24;5;23;20;9;12;18;25;1;3
80;04/04/05;17;22;25;7;20;3;18;10;4;1;14;9;2;5;15
81;11/04/05;13;2;7;19;17;15;1;4;6;21;3;11;5;16;10
82;18/04/05;4;8;19;12;23;17;13;20;1;18;6;15;5;22;9
83;25/04/05;23;10;25;20;14;3;1;6;2;11;8;13;12;24;5
84;02/05/05;15;22;8;25;6;4;16;1;2;24;19;20;17;23;12
85;09/05/05;1;2;11;21;16;8;23;7;18;22;14;15;5;13;9
86;16/05/05;13;19;12;18;5;6;9;24;23;4;17;8;25;2;14
87;23/05/05;11;3;18;25;5;24;13;8;15;10;9;22;1;2;20
88;30/05/05;8;10;18;24;11;1;17;2;25;9;14;19;12;4;5
89;06/06/05;23;16;1;12;21;25;17;19;13;20;24;15;6;11;22
90;13/06/05;22;10;11;8;17;20;23;3;21;1;15;25;2;12;24
91;20/06/05;16;23;1;25;22;14;9;13;11;10;12;15;4;20;17
92;27/06/05;17;6;4;1;8;15;2;19;14;13;12;18;21;24;22
93;04/07/05;4;24;7;17;9;13;18;20;5;6;10;21;2;19;23
94;11/07/05;21;9;13;12;11;15;4;22;24;16;8;18;23;2;17
95;18/07/05;10;4;18;22;1;3;20;19;17;2;15;5;11;12;14
96;25/07/05;9;17;24;6;16;10;23;18;14;19;4;3;12;21;22
97;02/08/05;4;10;13;22;17;3;23;24;12;14;15;25;19;20;6
98;08/08/05;24;17;15;25;8;18;22;6;1;11;23;20;5;2;10
99;15/08/05;4;7;24;25;20;14;1;2;10;16;17;11;21;13;3
100;22/08/05;11;22;14;25;10;8;23;13;4;16;17;9;3;12;1
101;29/08/05;7;6;14;19;13;3;21;23;1;24;16;17;9;20;10
102;05/09/05;19;4;22;1;7;23;10;25;21;11;18;2;3;9;12
103;12/09/05;23;18;1;7;5;22;2;3;25;10;4;17;8;16;11
104;19/09/05;6;5;22;24;19;16;11;14;21;13;15;25;7;18;10
105;26/09/05;8;7;10;12;25;9;15;22;19;6;11;13;4;17;21
106;03/10/05;5;15;3;1;4;13;22;2;25;6;10;17;14;23;12
107;10/10/05;24;4;7;17;21;12;15;3;25;11;1;18;6;8;9
108;17/10/05;9;15;25;14;16;2;8;11;12;7;1;22;4;23;18
109;24/10/05;9;7;23;1;11;25;18;13;20;3;21;5;24;16;12
110;31/10/05;23;20;3;6;5;1;4;25;12;13;21;17;22;14;19
111;07/11/05;10;1;19;21;25;17;12;5;11;15;13;24;6;18;22
112;14/11/05;20;10;2;6;19;21;18;3;17;11;1;14;4;15;23
113;21/11/05;6;14;24;2;19;5;12;8;20;21;4;11;1;13;25
114;28/11/05;20;3;22;9;6;2;14;1;10;25;24;11;21;8;7
115;05/12/05;4;17;5;16;6;11;20;9;12;21;25;7;13;1;18
116;12/12/05;11;13;18;10;25;23;16;1;14;2;19;21;12;9;20
117;19/12/05;14;20;5;11;9;23;18;17;6;13;25;15;7;12;10
118;27/12/05;24;15;21;22;18;4;14;13;19;6;12;2;23;8;5
119;02/01/06;15;1;21;22;9;4;18;6;24;20;23;11;8;10;17
120;09/01/06;3;8;19;7;20;16;15;13;12;11;1;24;18;21;5
121;16/01/06;17;24;25;23;7;2;4;5;11;10;9;1;18;16;12
122;23/01/06;5;22;2;10;13;15;9;20;4;25;1;18;23;17;8
123;30/01/06;20;13;21;6;18;5;4;7;17;24;19;12;23;11;22
124;06/02/06;19;9;2;6;24;7;20;16;15;3;25;14;4;18;21
125;13/02/06;10;22;7;6;12;16;11;21;4;9;24;3;2;25;15
126;20/02/06;7;22;18;8;13;25;16;1;21;4;24;14;3;2;6
127;01/03/06;5;25;4;1;13;2;12;18;22;19;23;7;3;10;11
128;06/03/06;17;2;14;21;3;23;6;15;13;11;4;16;19;25;20
129;13/03/06;5;11;9;22;6;21;7;19;2;20;15;23;18;25;13
130;20/03/06;15;19;6;4;24;2;17;25;13;23;10;12;5;3;9
131;27/03/06;2;25;20;12;5;7;6;11;13;19;8;4;15;22;23
132;03/04/06;9;25;14;11;7;15;1;22;16;4;5;17;3;10;23
133;10/04/06;18;22;9;3;15;20;8;21;4;19;13;1;11;23;5
134;17/04/06;12;16;5;7;11;19;8;25;22;17;14;1;3;10;13
135;24/04/06;7;22;13;2;21;14;19;8;1;25;20;10;15;18;5
136;02/05/06;1;2;23;12;17;21;5;22;9;15;24;14;13;6;3
137;08/05/06;18;6;19;25;11;8;17;20;16;10;2;21;12;9;13
138;15/05/06;15;7;16;17;8;24;22;2;3;13;11;5;21;25;4
139;22/05/06;22;24;23;12;1;15;7;14;21;16;17;2;9;18;19
140;29/05/06;12;10;19;1;25;22;15;6;2;24;13;20;9;18;3
141;05/06/06;18;12;19;3;8;17;13;1;25;20;10;16;9;24;7
142;12/06/06;1;18;19;5;23;7;6;16;17;24;15;9;22;4;2
143;19/06/06;21;11;22;9;24;8;17;15;25;1;16;23;13;19;2
144;26/06/06;12;17;1;2;21;4;14;22;9;24;20;7;19;11;25
145;03/07/06;14;15;20;22;13;10;25;11;18;9;24;2;3;1;17
146;10/07/06;17;22;12;2;11;5;24;10;14;13;25;16;1;23;8
147;17/07/06;2;5;12;13;21;23;22;11;1;10;6;25;4;19;16
148;24/07/06;5;22;24;2;1;12;8;21;16;25;20;9;13;4;17
149;01/08/06;24;19;2;17;16;9;25;5;20;18;13;10;15;23;7
150;07/08/06;21;7;11;5;8;19;1;25;6;22;24;14;23;9;3
151;14/08/06;18;10;13;11;3;9;12;4;23;7;24;16;14;5;20
152;21/08/06;23;3;25;6;19;22;24;15;7;17;8;13;20;4;5
153;28/08/06;13;21;5;25;8;20;23;12;11;4;1;18;2;24;17
154;04/09/06;18;9;16;5;15;24;23;10;1;11;14;6;13;3;2
155;11/09/06;15;10;16;14;8;11;19;2;21;20;18;4;5;22;24
156;18/09/06;3;8;9;15;13;10;12;4;23;20;22;1;19;11;14
157;25/09/06;10;14;2;18;25;9;21;7;24;1;16;6;4;12;19
158;02/10/06;11;15;22;17;12;23;2;7;16;18;19;9;20;10;8
159;09/10/06;11;2;1;3;17;15;25;10;24;14;4;6;8;5;20
160;16/10/06;15;14;3;12;16;24;19;21;20;17;10;4;9;1;11
161;19/10/06;21;24;1;8;20;17;25;18;11;5;15;23;22;16;13
162;23/10/06;3;1;12;6;20;11;5;16;24;2;8;23;13;4;18
163;26/10/06;21;3;14;6;2;1;25;9;15;13;20;24;23;7;5
164;30/10/06;1;11;14;5;15;10;2;6;21;18;3;24;8;23;22
165;03/11/06;9;1;19;13;14;4;12;15;25;2;22;8;18;17;6
166;06/11/06;18;3;9;21;19;22;8;15;10;23;14;2;20;4;13
167;09/11/06;18;10;1;13;19;9;16;14;24;2;6;3;22;8;23
168;13/11/06;1;7;20;4;19;12;24;3;15;17;16;2;10;23;22
169;16/11/06;4;16;24;6;8;11;15;10;1;21;5;12;9;7;20
170;21/11/06;7;22;25;4;13;23;6;5;1;20;3;10;18;8;16
171;23/11/06;24;3;25;10;17;13;16;22;15;4;1;23;12;11;21
172;27/11/06;2;18;9;11;7;13;6;1;4;25;12;20;21;22;10
173;30/11/06;2;5;11;23;22;15;8;24;20;21;19;3;7;4;25
174;04/12/06;4;7;13;23;10;20;2;9;1;15;24;17;12;25;11
175;07/12/06;7;11;2;14;18;5;21;19;16;3;15;12;24;13;6
176;11/12/06;12;25;15;21;10;4;24;16;11;13;18;2;22;17;23
177;14/12/06;24;16;11;13;6;19;2;17;7;8;15;20;10;23;21
178;18/12/06;6;3;21;25;10;20;19;23;9;4;8;2;24;16;14
179;21/12/06;2;15;17;3;22;19;14;7;23;25;5;4;24;9;13
180;26/12/06;2;4;11;20;17;25;24;7;1;5;3;10;15;6;8
181;28/12/06;1;16;22;5;20;7;23;8;15;4;6;14;17;19;21
182;02/01/07;11;22;8;19;17;3;2;14;25;9;7;21;13;23;4
183;04/01/07;8;7;6;13;23;11;19;21;16;25;14;20;24;2;4
184;08/01/07;3;17;7;23;11;15;8;1;19;21;25;16;18;9;10
185;11/01/07;20;19;25;6;1;15;23;8;12;9;11;4;7;2;17
186;15/01/07;16;25;23;22;13;5;6;19;24;17;2;18;4;11;12
187;18/01/07;21;25;12;1;16;3;13;24;11;17;19;15;23;22;18
188;22/01/07;16;19;20;10;25;24;22;8;13;5;11;23;21;2;3
189;25/01/07;9;13;5;18;23;19;16;22;1;2;7;4;20;6;24
190;29/01/07;16;11;13;15;23;24;8;1;5;18;4;19;3;7;14
191;01/02/07;23;9;18;5;19;20;8;2;22;10;13;21;15;17;12
192;05/02/07;24;11;1;13;3;6;16;4;15;22;2;23;14;5;21
193;08/02/07;14;16;21;2;9;19;20;3;4;10;25;1;15;5;8
194;12/02/07;23;14;22;25;12;18;8;9;13;15;2;21;17;7;10
195;15/02/07;4;3;14;22;19;17;9;12;18;7;23;8;11;2;6
196;22/02/07;22;24;10;15;16;25;20;14;17;5;2;4;23;19;3
197;26/02/07;9;13;23;20;3;6;10;5;22;4;8;12;7;18;21
198;01/03/07;25;1;6;2;13;7;18;21;14;4;15;20;5;17;16
199;05/03/07;23;2;6;11;22;20;4;3;15;5;1;9;21;12;19
200;08/03/07;16;8;9;5;23;11;13;12;4;14;15;2;1;21;24
201;12/03/07;10;15;8;19;2;11;12;5;20;1;22;4;13;9;14
202;15/03/07;5;14;23;19;24;10;17;11;1;21;22;13;16;3;18
203;19/03/07;24;2;4;5;12;13;1;3;23;18;6;7;25;14;17
204;22/03/07;8;25;16;17;23;22;5;15;4;7;24;2;14;3;11
205;26/03/07;21;4;18;12;22;10;2;16;17;11;3;15;25;14;9
206;29/03/07;22;9;5;16;15;3;13;8;21;2;12;17;11;20;14
207;02/04/07;4;12;6;1;15;10;19;3;14;9;17;2;13;22;20
208;05/04/07;24;19;16;7;3;12;23;6;9;10;4;1;14;11;15
209;09/04/07;24;1;19;22;25;3;10;15;14;6;5;18;21;7;9
210;12/04/07;15;16;7;14;18;22;10;13;23;11;3;24;9;21;5
211;16/04/07;17;1;10;12;2;6;8;4;24;18;14;22;11;16;25
212;19/04/07;16;6;19;22;3;1;20;11;10;14;8;23;4;9;12
213;23/04/07;16;1;10;21;5;4;9;23;8;3;24;25;11;18;19
214;26/04/07;2;14;4;18;9;24;11;1;13;19;3;22;25;20;15
215;30/04/07;17;15;3;12;25;9;19;23;11;4;7;14;5;18;1
216;03/05/07;11;9;17;13;21;6;4;25;24;5;3;7;19;2;10
217;07/05/07;6;16;4;5;12;19;11;25;10;21;7;2;9;17;3
218;10/05/07;21;25;15;17;11;22;2;16;8;13;14;12;5;20;7
219;14/05/07;19;24;3;22;2;17;11;18;25;16;23;8;9;14;6
220;17/05/07;21;16;5;25;13;23;24;10;20;18;14;9;15;12;17
221;21/05/07;6;1;17;7;21;12;3;23;16;20;2;8;19;10;25
222;24/05/07;5;15;21;4;23;12;7;8;24;22;6;18;1;3;9
223;28/05/07;9;23;14;22;2;24;11;7;10;13;16;21;4;12;20
224;31/05/07;24;9;8;4;19;11;21;13;18;20;15;23;10;6;12
225;04/06/07;15;25;8;1;23;3;5;13;2;19;14;20;22;7;18
226;08/06/07;20;5;19;14;13;10;8;15;17;21;18;4;16;11;25
227;11/06/07;10;18;20;21;5;17;14;12;19;7;22;15;9;1;8
228;14/06/07;14;15;19;17;11;4;20;16;13;25;12;24;18;2;10
229;18/06/07;9;6;25;15;20;12;16;14;11;10;17;23;8;13;2
230;21/06/07;6;1;4;24;17;22;8;11;2;5;15;13;14;3;10
231;25/06/07;24;17;19;12;21;1;5;18;10;2;7;15;25;6;16
232;28/06/07;11;24;21;23;14;25;16;13;12;4;5;17;6;9;18
233;02/07/07;1;14;7;3;13;2;6;8;12;5;21;17;9;19;4
234;05/07/07;11;14;1;5;2;12;3;4;13;17;24;9;15;21;22
235;09/07/07;21;13;24;14;18;17;8;16;12;23;19;15;1;25;10
236;12/07/07;1;13;3;22;25;23;5;16;4;9;12;15;8;7;21
237;16/07/07;13;12;7;6;5;19;23;16;4;20;22;9;18;15;21
238;19/07/07;11;17;19;24;20;13;6;21;4;12;1;14;23;15;3
239;23/07/07;7;13;9;14;25;15;10;22;1;23;16;3;6;19;5
240;26/07/07;2;10;9;23;19;15;1;13;22;4;11;18;14;16;21
241;30/07/07;14;5;23;24;13;15;21;8;12;9;25;4;17;20;3
242;02/08/07;13;2;21;19;8;15;17;6;22;14;9;16;18;23;5
243;06/08/07;5;3;13;25;7;23;16;21;18;1;20;4;2;12;17
244;09/08/07;6;12;10;24;11;7;18;15;3;22;5;14;20;21;9
245;13/08/07;11;24;10;19;18;12;14;25;1;9;2;15;6;7;16
246;16/08/07;8;7;25;24;1;5;9;21;18;15;17;12;10;4;13
247;20/08/07;1;22;7;8;14;4;2;25;3;17;15;16;23;19;9
248;23/08/07;25;10;12;8;5;2;11;20;21;1;16;19;9;13;15
249;27/08/07;23;5;21;14;18;12;7;15;8;4;25;9;22;17;10
250;30/08/07;19;13;2;5;23;9;3;10;15;17;16;18;21;12;1
251;03/09/07;21;13;19;15;23;18;22;9;4;25;16;10;3;5;6
252;06/09/07;2;6;18;25;15;11;24;23;3;22;17;4;19;14;8
253;10/09/07;22;4;19;5;21;23;6;1;18;11;12;15;8;13;7
254;13/09/07;20;2;23;6;5;14;15;9;8;3;7;11;16;13;4
255;17/09/07;17;3;4;1;2;14;15;10;9;16;22;24;6;21;23
256;20/09/07;1;12;10;9;16;8;18;20;7;2;6;22;13;15;24
257;24/09/07;22;10;12;9;7;18;13;6;1;16;3;24;14;17;19
258;27/09/07;13;20;12;4;2;25;22;24;19;21;9;6;14;5;17
259;01/10/07;10;25;18;15;6;21;22;20;7;3;8;9;24;19;5
260;04/10/07;24;11;5;19;7;20;9;18;14;3;13;8;1;6;4
261;08/10/07;4;2;16;15;25;6;11;21;5;17;19;20;7;13;1
262;11/10/07;8;21;12;20;3;14;13;7;9;24;15;23;4;17;6
263;15/10/07;23;19;8;15;16;11;7;21;24;9;10;1;18;4;14
264;18/10/07;8;3;25;6;22;9;13;23;20;4;16;19;1;12;21
265;22/10/07;7;12;22;5;19;11;18;8;13;16;17;24;1;20;15
266;25/10/07;18;21;3;19;4;14;24;22;5;6;7;9;11;1;15
267;29/10/07;15;11;23;9;12;6;14;13;17;24;21;2;5;4;3
268;01/11/07;25;23;8;15;9;16;20;12;7;18;6;19;5;10;14
269;05/11/07;22;2;1;4;13;15;18;19;24;23;10;16;17;6;14
270;08/11/07;16;1;14;5;9;18;8;3;6;25;7;19;23;4;24
271;12/11/07;19;11;5;16;24;20;25;6;4;12;8;1;21;2;18
272;16/11/07;25;15;12;1;4;9;13;24;8;17;5;20;11;23;2
273;19/11/07;16;5;21;7;12;20;1;15;24;18;25;10;19;17;6
274;22/11/07;15;25;5;23;10;2;7;12;17;14;11;21;6;20;4
275;26/11/07;6;9;12;22;1;10;15;5;14;17;20;3;18;11;8
276;29/11/07;2;7;17;5;18;12;22;3;25;13;20;4;11;19;10
277;03/12/07;16;24;13;2;17;10;9;11;21;4;23;14;25;22;12
278;06/12/07;12;9;2;3;21;19;1;23;5;15;11;17;13;6;25
279;10/12/07;12;10;3;17;18;6;5;23;1;2;22;19;11;9;13
280;13/12/07;9;25;20;10;19;24;5;13;16;3;17;11;6;15;4
281;17/12/07;4;1;10;23;12;2;25;17;19;8;11;9;14;3;15
282;20/12/07;25;7;3;21;11;20;16;13;8;4;15;12;19;22;2
283;22/12/07;24;22;10;13;4;20;6;1;11;9;23;12;8;2;19
284;27/12/07;23;5;22;7;21;12;25;13;1;11;15;17;3;6;19
285;29/12/07;11;16;8;10;14;1;4;5;15;22;9;12;19;13;23
286;03/01/08;25;1;23;21;7;4;11;9;12;2;13;10;24;19;3
287;07/01/08;15;21;6;23;2;10;22;25;7;17;16;5;18;13;12
288;10/01/08;18;15;6;19;2;10;3;14;25;9;24;1;4;13;12
289;14/01/08;4;8;1;3;10;19;2;14;6;9;17;15;12;24;22
290;17/01/08;17;9;13;2;23;14;11;20;22;7;6;12;1;21;5
291;21/01/08;14;8;15;10;1;5;17;24;2;12;7;13;23;20;11
292;24/01/08;21;3;24;7;17;5;2;11;13;9;22;12;25;16;8
293;28/01/08;14;12;3;9;25;22;13;24;2;6;1;23;18;15;19
294;31/01/08;11;16;24;4;20;2;1;5;7;3;8;12;15;23;25
295;07/02/08;25;24;6;23;15;10;3;21;13;18;2;4;19;17;16
296;11/02/08;16;18;14;6;22;11;15;19;2;25;7;3;12;8;17
297;14/02/08;23;10;25;24;1;21;15;9;8;16;4;22;14;7;12
298;18/02/08;1;6;7;16;4;24;21;8;13;3;11;15;14;12;22
299;21/02/08;10;20;3;24;23;6;17;8;22;13;7;5;19;18;21
300;25/02/08;7;21;9;4;11;23;19;17;3;12;8;25;20;15;22
301;28/02/08;2;9;11;3;17;13;12;19;20;15;22;23;18;8;14
302;03/03/08;18;20;9;6;11;25;2;16;15;14;4;22;12;10;5
303;06/03/08;6;22;18;21;12;24;23;20;15;17;2;8;3;16;4
304;10/03/08;1;15;22;16;14;4;18;17;12;21;20;25;5;3;19
305;13/03/08;20;10;25;4;3;18;22;21;2;8;11;12;5;24;13
306;17/03/08;25;5;13;4;2;8;20;1;11;16;18;12;14;15;19
307;20/03/08;20;9;12;14;23;17;21;24;19;1;3;10;15;4;6
308;24/03/08;23;1;21;16;24;19;5;25;12;13;22;4;18;2;15
309;27/03/08;3;13;22;10;16;21;1;9;14;20;4;8;17;24;2
310;31/03/08;11;14;21;10;3;24;18;19;9;15;23;16;5;2;17
311;03/04/08;23;5;24;12;17;10;25;2;14;16;20;19;15;7;4
312;07/04/08;22;8;9;18;2;17;10;19;1;16;25;11;13;12;6
313;10/04/08;7;6;14;23;17;12;15;19;10;16;9;25;2;3;18
314;14/04/08;21;5;11;1;8;19;2;22;9;20;6;12;14;13;15
315;17/04/08;16;13;11;23;5;6;21;17;8;2;24;3;20;14;19
316;22/04/08;8;19;6;14;4;3;24;23;1;13;12;15;10;18;7
317;24/04/08;21;5;8;4;11;1;22;2;25;14;18;16;9;24;19
318;28/04/08;11;21;12;14;6;4;16;15;13;25;5;3;18;23;9
319;02/05/08;14;24;6;9;4;8;3;16;23;1;19;10;20;12;17
320;05/05/08;19;15;12;17;11;18;1;25;3;22;9;21;14;6;23
321;08/05/08;17;20;12;25;9;24;14;3;10;2;4;13;11;16;18
322;12/05/08;1;12;13;2;16;23;3;7;5;20;17;18;15;24;21
323;15/05/08;4;17;2;21;14;1;3;20;6;7;10;25;23;9;19
324;19/05/08;21;10;2;23;8;1;24;16;6;4;7;12;9;3;20
325;23/05/08;25;10;22;20;23;5;4;6;2;14;24;19;7;15;1
326;26/05/08;25;7;24;6;15;13;12;10;1;18;8;11;4;17;2
327;29/05/08;19;8;4;14;3;16;1;15;13;12;17;21;23;2;18
328;02/06/08;13;2;25;23;19;11;12;22;18;24;4;5;3;15;21
329;05/06/08;18;21;8;20;24;9;1;14;4;23;25;3;17;2;13
330;09/06/08;15;19;24;25;2;12;14;5;9;22;23;1;18;17;6
331;12/06/08;16;15;13;19;5;23;3;18;1;7;6;22;21;25;12
332;16/06/08;3;2;11;21;20;12;6;5;19;7;23;24;14;10;25
333;19/06/08;16;2;13;25;9;14;1;6;21;15;5;23;18;12;11
334;23/06/08;17;8;13;15;11;22;21;6;1;2;18;23;25;7;16
335;26/06/08;16;14;21;9;6;17;8;3;20;19;1;12;11;7;4
336;30/06/08;10;15;16;11;3;25;1;14;19;5;22;2;17;6;8
337;03/07/08;3;11;7;8;23;4;19;16;9;5;1;18;22;10;12
338;07/07/08;16;4;7;19;9;3;5;21;20;15;25;17;6;14;12
339;10/07/08;13;19;1;23;18;16;15;5;22;20;24;21;8;2;10
340;14/07/08;14;4;19;2;8;21;20;25;11;10;6;9;5;22;3
341;17/07/08;20;5;21;12;11;7;16;19;18;13;22;1;25;24;9
342;21/07/08;8;3;11;25;23;12;21;15;1;4;20;13;16;19;22
343;24/07/08;20;15;11;25;6;8;18;12;13;16;14;19;22;3;5
344;28/07/08;11;16;9;20;25;24;5;3;12;10;15;13;4;21;6
345;31/07/08;23;25;9;24;20;2;12;16;19;14;15;7;18;11;21
346;04/08/08;14;10;23;5;12;6;8;17;24;18;15;2;1;21;3
347;07/08/08;15;24;19;3;18;14;25;12;20;9;10;11;5;8;7
348;11/08/08;14;8;20;19;12;25;1;7;18;24;2;17;5;22;21
349;14/08/08;7;8;17;20;22;12;1;16;2;19;25;24;5;14;18
350;18/08/08;23;9;1;14;13;7;15;4;25;22;12;8;6;2;3
351;21/08/08;7;1;12;3;24;18;23;5;19;2;14;11;10;17;16
352;25/08/08;3;1;15;13;6;20;17;24;19;2;12;22;4;9;18
353;28/08/08;18;23;19;8;12;2;9;11;3;21;22;20;13;17;7
354;01/09/08;23;22;9;10;8;19;17;12;1;2;18;21;4;16;7
355;04/09/08;12;11;23;13;8;4;19;25;18;7;10;6;9;15;2
356;08/09/08;13;10;2;24;5;16;15;11;14;19;9;4;25;22;20
357;11/09/08;17;10;6;23;21;5;8;9;14;2;19;1;13;11;25
358;15/09/08;25;16;17;11;14;18;12;23;24;4;15;2;10;6;9
359;18/09/08;22;21;12;4;25;13;8;24;16;11;7;17;19;18;10
360;22/09/08;5;17;18;2;11;8;4;19;20;1;3;24;9;23;7
361;25/09/08;9;1;20;12;7;10;14;24;19;23;13;4;17;16;15
362;29/09/08;10;23;4;13;22;6;3;18;1;2;24;12;5;7;17
363;02/10/08;22;23;16;3;8;6;17;2;4;9;13;11;15;20;21
364;06/10/08;2;9;6;15;19;21;12;11;7;20;22;13;24;3;4
365;09/10/08;11;12;4;8;19;5;15;20;23;16;3;24;25;18;10
366;13/10/08;23;6;22;11;15;21;13;5;8;3;17;9;20;18;25
367;16/10/08;15;21;13;20;18;22;12;7;1;17;2;8;4;9;24
368;20/10/08;6;13;22;5;2;3;24;14;11;21;20;15;19;17;4
369;23/10/08;24;9;12;5;15;3;23;11;6;21;1;7;14;22;20
370;27/10/08;14;17;11;3;7;12;19;4;9;10;16;23;6;25;8
371;30/10/08;1;16;2;8;3;13;22;7;10;5;14;6;15;25;9
372;03/11/08;19;12;23;10;24;14;16;6;22;25;17;13;3;4;5
373;06/11/08;19;20;11;22;4;17;14;13;9;23;2;15;12;21;6
374;10/11/08;21;3;25;24;16;9;6;18;20;23;13;12;22;2;1
375;13/11/08;1;5;16;10;25;2;14;13;11;18;7;19;12;17;20
376;17/11/08;12;24;3;14;8;20;16;10;18;22;13;21;25;15;2
377;20/11/08;22;11;12;15;4;3;1;8;2;7;17;9;13;19;20
378;24/11/08;24;2;25;13;16;14;6;23;12;4;15;21;3;22;19
379;27/11/08;21;7;14;17;16;13;4;22;5;3;12;25;18;11;10
380;01/12/08;8;7;14;9;25;6;23;10;4;17;18;22;3;11;2
381;04/12/08;3;7;13;19;25;15;6;12;17;4;10;22;21;9;1
382;08/12/08;10;15;11;3;24;8;12;2;4;14;22;21;7;9;16
383;11/12/08;24;22;11;16;15;7;9;23;18;6;5;14;25;12;3
384;15/12/08;17;19;13;22;7;11;25;4;1;15;18;3;21;10;20
385;18/12/08;4;5;8;12;20;23;25;6;13;15;18;1;24;22;2
386;22/12/08;23;15;11;21;19;3;7;6;9;1;18;20;25;2;4
387;26/12/08;23;12;11;14;19;15;21;9;4;22;8;2;20;3;10
388;29/12/08;1;7;21;15;16;9;11;6;10;20;5;17;3;18;2
389;02/01/09;19;23;2;12;3;9;24;4;17;5;10;25;13;6;18
390;05/01/09;12;25;21;5;7;22;19;2;20;13;14;10;11;15;24
391;08/01/09;21;18;25;16;6;15;4;23;13;12;3;1;9;22;8
392;12/01/09;1;23;2;18;20;3;17;21;11;25;15;10;4;14;12
393;15/01/09;4;8;23;17;3;21;22;20;18;1;25;6;7;10;11
394;19/01/09;6;14;12;13;2;22;16;20;18;7;24;21;8;23;5
395;22/01/09;2;8;11;25;22;1;4;9;13;14;15;23;21;17;6
396;26/01/09;3;2;9;1;5;10;15;13;22;7;6;24;20;18;11
397;29/01/09;15;2;25;20;6;4;10;1;3;5;9;13;14;8;22
398;02/02/09;13;22;10;3;9;16;12;20;5;7;18;4;21;2;8
399;05/02/09;10;22;12;11;14;24;21;19;9;17;23;1;7;4;16
400;09/02/09;12;20;23;24;15;1;9;22;10;19;17;14;16;21;5
401;12/02/09;8;7;25;17;23;10;6;24;21;5;2;3;14;16;1
402;16/02/09;9;6;21;22;20;1;11;7;8;23;2;4;25;24;16
403;19/02/09;25;21;8;14;24;13;2;9;7;4;12;15;6;11;19
404;26/02/09;21;8;14;1;6;13;20;11;18;16;24;25;22;5;10
405;02/03/09;18;16;25;5;7;24;6;11;8;4;19;22;14;13;12
406;05/03/09;16;9;5;1;2;8;24;4;22;21;11;7;10;17;23
407;09/03/09;12;14;11;17;22;20;25;4;8;15;6;16;9;7;2
408;12/03/09;20;1;14;12;18;3;21;22;11;4;2;10;15;23;19
409;16/03/09;24;6;14;20;8;7;23;25;4;2;10;16;21;1;17
410;19/03/09;5;17;1;4;8;15;19;18;7;10;25;9;14;13;11
411;23/03/09;18;17;1;5;14;25;7;16;12;24;20;11;22;21;9
412;26/03/09;18;20;21;12;4;11;3;22;19;17;25;10;9;8;16
413;30/03/09;8;16;20;21;14;3;10;25;13;17;6;12;2;5;9
414;02/04/09;3;16;19;15;6;5;20;11;18;25;21;10;8;2;9
415;06/04/09;7;3;15;1;22;18;19;23;10;11;20;13;14;21;17
416;09/04/09;13;20;6;19;23;25;15;5;18;22;24;1;2;7;16
417;15/04/09;21;8;17;12;1;23;14;13;2;9;3;11;19;16;15
418;16/04/09;5;19;20;22;11;9;14;8;10;12;24;25;13;18;23
419;20/04/09;23;3;17;21;16;14;18;5;4;22;20;15;24;7;6
420;23/04/09;22;11;3;19;9;5;4;24;10;25;12;18;8;7;6
421;27/04/09;25;10;14;4;5;15;9;3;13;20;16;8;19;23;12
422;30/04/09;25;7;22;3;8;18;14;17;1;23;4;12;13;6;2
423;04/05/09;17;16;24;20;25;1;13;2;23;18;11;15;5;3;22
424;07/05/09;6;11;13;24;10;1;15;18;25;16;9;3;17;14;19
425;11/05/09;16;1;19;22;23;7;10;20;11;12;13;18;9;15;24
426;14/05/09;6;15;16;24;19;11;25;3;5;10;4;18;2;22;8
427;18/05/09;4;9;7;24;3;11;16;1;10;21;6;22;19;5;12
428;21/05/09;13;17;4;14;1;20;18;24;23;11;22;15;19;3;21
429;25/05/09;16;7;23;3;5;13;2;12;25;14;19;4;6;17;8
430;28/05/09;5;14;2;20;15;7;25;13;22;6;4;23;9;11;3
431;01/06/09;24;3;18;5;12;21;13;9;15;20;22;11;1;23;2
432;04/06/09;10;15;13;6;21;12;2;17;7;20;3;23;4;19;24
433;08/06/09;14;15;19;7;9;8;24;21;23;3;1;5;2;25;22
434;12/06/09;21;12;3;15;17;11;13;16;4;9;23;6;25;24;18
435;15/06/09;14;16;25;11;24;15;1;10;17;21;18;5;4;13;3
436;18/06/09;20;3;15;25;7;23;4;6;21;19;13;10;14;18;22
437;22/06/09;12;20;5;21;1;8;19;4;11;23;6;17;10;16;2
438;25/06/09;21;18;7;23;13;8;9;1;15;17;11;24;22;25;4
439;29/06/09;9;25;2;21;10;3;11;5;14;24;23;17;19;12;15
440;02/07/09;12;1;14;19;3;13;15;21;5;22;25;24;16;8;9
441;06/07/09;11;25;13;2;20;1;9;7;10;14;4;8;3;23;24
442;09/07/09;22;6;12;23;8;5;18;25;14;15;17;24;9;13;7
443;13/07/09;23;5;12;7;18;3;16;10;17;11;19;22;21;1;2
444;16/07/09;2;7;22;18;19;20;25;3;21;1;15;6;10;14;24
445;20/07/09;1;15;10;2;4;12;7;20;18;21;13;16;9;11;19
446;23/07/09;1;8;4;15;6;11;14;16;24;5;19;21;10;23;2
447;27/07/09;18;16;25;21;24;8;22;17;5;12;1;2;19;10;20
448;30/07/09;10;17;20;5;12;23;1;6;15;13;24;3;14;9;11
449;03/08/09;17;1;10;3;4;8;19;18;11;2;22;24;9;25;16
450;06/08/09;24;22;11;14;5;9;16;7;4;21;23;18;17;25;6
451;10/08/09;18;5;14;9;24;23;8;19;15;6;1;22;17;3;25
452;13/08/09;18;14;20;9;17;24;12;19;25;10;11;1;6;8;7
453;17/08/09;3;24;14;4;1;19;9;2;6;25;15;11;20;21;17
454;20/08/09;12;6;4;24;20;17;22;19;25;3;13;11;15;7;14
455;24/08/09;7;12;18;21;19;11;1;6;4;3;23;14;5;8;25
456;27/08/09;23;12;14;4;11;24;25;9;13;17;3;10;1;18;21
457;31/08/09;15;19;25;4;21;13;23;22;14;16;11;18;5;1;20
458;03/09/09;22;6;13;9;4;20;3;15;8;5;2;7;18;16;11
459;08/09/09;11;17;10;19;23;2;14;15;1;20;4;21;3;7;12
460;10/09/09;4;9;10;1;19;15;23;11;22;17;16;12;14;6;3
461;14/09/09;11;19;4;24;6;12;23;8;15;17;5;7;14;13;3
462;17/09/09;18;3;7;23;17;24;21;1;8;14;5;22;16;2;12
463;21/09/09;22;19;2;9;18;23;25;20;11;3;6;13;7;17;14
464;24/09/09;5;25;17;2;8;21;1;23;22;16;24;19;20;10;11
465;28/09/09;7;10;1;22;9;18;6;25;11;3;21;2;19;13;4
466;01/10/09;6;12;17;8;20;14;10;19;25;2;22;11;7;18;21
467;05/10/09;7;10;2;13;25;4;22;15;21;24;14;6;18;17;5
468;08/10/09;15;9;18;17;5;13;2;6;10;21;25;3;24;22;12
469;13/10/09;6;25;5;23;13;14;19;2;22;18;11;10;7;1;8
470;15/10/09;20;6;7;18;22;23;13;5;15;4;1;8;3;11;10
471;19/10/09;4;25;20;12;24;16;13;15;11;6;9;3;10;14;2
472;22/10/09;13;6;11;2;12;1;14;7;20;8;4;17;18;15;5
473;27/10/09;8;25;5;7;15;1;6;17;23;9;11;22;12;19;2
474;29/10/09;3;11;10;23;16;17;21;15;12;2;5;9;1;18;24
475;03/11/09;4;9;2;20;23;3;21;11;6;5;14;13;25;10;17
476;05/11/09;6;1;13;5;10;7;24;17;9;19;16;15;14;25;11
477;09/11/09;8;16;7;14;4;24;2;20;6;23;18;11;25;12;10
478;12/11/09;11;2;22;9;10;13;24;23;7;12;5;16;25;3;18
479;16/11/09;18;15;13;23;24;3;5;22;19;2;11;8;16;14;25
480;19/11/09;22;7;6;24;11;8;9;12;4;25;19;18;5;17;15
481;23/11/09;5;13;17;15;24;22;21;12;10;3;14;9;1;7;20
482;26/11/09;25;17;15;2;21;8;10;9;22;12;6;23;7;19;16
483;30/11/09;22;5;1;7;21;6;24;17;18;4;9;14;11;12;23
484;03/12/09;8;4;16;20;23;14;6;13;1;11;9;17;21;10;25
485;07/12/09;25;17;22;7;6;18;24;20;3;21;16;2;11;5;4
486;10/12/09;4;15;13;20;19;2;22;9;7;5;11;3;18;1;21
487;14/12/09;8;7;5;17;6;24;15;14;18;21;4;9;10;22;19
488;17/12/09;8;7;5;13;24;14;6;20;17;15;25;22;18;12;11
489;21/12/09;23;12;17;10;11;1;5;21;18;22;25;2;14;7;19
490;24/12/09;10;21;12;23;17;5;13;16;14;8;22;6;18;3;11
491;28/12/09;1;23;13;2;16;11;3;7;25;24;9;21;22;12;20
492;31/12/09;15;3;11;1;12;8;24;6;2;4;14;21;19;25;18
493;04/01/10;22;13;25;15;17;12;1;5;14;18;7;4;21;10;8
494;07/01/10;12;4;7;3;20;13;5;18;8;19;16;15;21;22;2
495;11/01/10;1;9;24;3;7;6;13;11;8;25;17;22;4;15;19
496;14/01/10;19;11;21;22;17;14;5;16;7;9;24;13;15;4;3
497;18/01/10;2;16;4;5;25;17;11;9;3;8;12;14;1;23;19
498;21/01/10;11;14;20;5;16;2;23;13;22;4;15;1;6;25;18
499;25/01/10;19;7;3;2;25;12;24;10;1;11;20;15;17;4;21
500;28/01/10;25;16;2;5;13;21;23;8;18;6;14;3;10;20;9
501;01/02/10;18;3;25;17;21;23;2;12;19;4;15;9;24;6;1
502;04/02/10;23;2;10;5;19;13;4;3;16;1;6;8;24;11;18
503;08/02/10;1;2;14;12;3;17;5;7;20;25;11;15;21;24;4
504;11/02/10;16;15;20;10;17;13;18;14;9;21;12;19;1;23;6
505;13/02/10;3;6;19;24;16;21;17;15;22;7;18;11;20;4;9
506;18/02/10;21;20;19;4;11;9;15;12;6;16;24;17;22;5;13
507;22/02/10;8;24;9;11;3;20;21;1;6;10;23;5;2;12;25
508;25/02/10;14;15;19;8;5;2;7;9;3;25;6;16;24;18;23
509;01/03/10;20;11;17;1;3;24;15;9;25;5;12;6;19;16;22
510;04/03/10;23;3;21;4;20;7;6;13;25;1;22;10;11;12;2
511;08/03/10;24;13;11;17;25;5;12;19;1;21;18;14;10;7;2
512;12/03/10;9;2;12;15;16;5;24;6;21;7;1;4;10;8;13
513;15/03/10;15;20;18;17;22;2;23;3;1;9;10;13;25;11;6
514;18/03/10;1;7;24;25;8;11;22;17;9;12;15;5;6;18;21
515;22/03/10;11;18;14;5;3;17;7;20;25;9;10;2;13;24;12
516;25/03/10;8;7;23;11;21;4;20;6;18;5;14;24;12;2;13
517;29/03/10;9;21;7;23;12;17;11;3;13;22;8;1;4;6;5
518;01/04/10;19;13;11;20;14;17;24;10;5;16;12;6;4;7;22
519;05/04/10;23;9;17;19;24;16;3;12;15;11;7;25;13;2;21
520;08/04/10;15;12;24;10;14;4;18;6;5;22;20;9;2;23;19
521;12/04/10;19;9;5;17;12;11;2;10;6;23;4;20;13;1;3
522;15/04/10;16;25;11;6;19;22;23;4;2;21;7;9;17;18;24
523;19/04/10;2;19;11;13;4;8;16;25;24;17;12;5;9;10;18
524;22/04/10;3;11;7;22;5;2;17;23;20;24;12;6;14;10;21
525;26/04/10;4;9;3;25;15;21;17;16;20;22;18;6;10;13;11
526;29/04/10;4;8;24;12;7;10;1;15;2;25;9;11;16;19;14
527;03/05/10;11;5;14;2;6;9;22;23;12;19;15;24;1;16;17
528;06/05/10;6;23;10;4;12;15;7;24;11;25;2;19;3;21;8
529;10/05/10;23;16;25;7;19;5;18;3;20;17;22;11;6;2;12
530;13/05/10;11;16;10;3;8;23;14;9;18;4;7;6;12;21;22
531;17/05/10;14;3;12;21;1;15;23;25;22;7;16;17;10;13;2
532;20/05/10;24;7;2;9;15;6;16;5;19;12;1;11;22;4;13
533;24/05/10;20;10;8;24;25;18;13;16;9;1;11;17;2;3;14
534;27/05/10;3;24;2;22;5;18;7;1;19;8;12;21;11;13;15
535;31/05/10;1;25;13;4;5;24;23;11;15;19;21;16;9;6;17
536;04/06/10;3;19;16;4;20;11;17;9;15;22;23;5;25;24;7
537;07/06/10;10;18;6;24;11;17;22;23;15;4;2;9;14;1;20
538;10/06/10;12;16;6;18;10;24;19;20;13;17;11;25;21;5;2
539;14/06/10;12;4;5;16;6;14;2;13;8;1;21;9;15;23;19
540;17/06/10;13;11;12;7;18;16;9;22;15;24;19;20;2;6;8
541;21/06/10;9;3;20;17;19;10;22;6;4;13;25;14;5;24;15
542;24/06/10;18;13;8;2;4;17;22;10;24;5;9;16;1;3;20
543;28/06/10;7;20;15;1;13;17;25;24;14;16;22;11;8;10;5
544;01/07/10;18;19;9;21;5;8;7;4;2;14;15;13;11;24;23
545;05/07/10;18;24;1;23;13;12;11;5;25;7;6;14;15;17;3
546;08/07/10;5;17;10;4;9;13;3;19;18;12;21;8;11;2;23
547;12/07/10;25;14;9;10;6;5;17;20;4;1;2;12;24;19;16
548;15/07/10;20;23;6;13;9;14;3;4;1;2;7;25;5;8;17
549;19/07/10;22;10;20;14;13;9;7;3;4;15;17;16;21;23;11
550;22/07/10;16;22;14;13;11;1;9;21;17;6;10;5;18;20;7
551;26/07/10;10;12;20;19;13;18;24;16;21;14;8;22;3;7;17
552;29/07/10;1;24;22;4;8;13;17;20;6;10;25;12;3;5;23
553;02/08/10;10;23;21;7;14;15;17;8;12;4;5;24;13;18;9
554;05/08/10;13;3;22;4;25;20;19;6;9;24;21;17;2;14;1
555;09/08/10;7;24;16;1;2;17;14;8;10;20;12;6;9;23;18
556;12/08/10;8;11;18;20;25;1;4;9;22;23;14;13;16;17;24
557;16/08/10;7;18;12;9;8;21;14;5;17;15;23;10;20;19;1
558;19/08/10;14;7;25;5;24;4;20;17;21;3;18;22;12;10;1
559;23/08/10;19;14;16;1;7;11;5;10;21;23;2;20;22;13;9
560;26/08/10;1;4;18;21;23;25;12;24;10;19;9;20;2;14;17
561;30/08/10;7;12;15;6;2;3;17;9;11;21;10;20;4;13;18
562;02/09/10;3;22;16;8;13;14;24;5;18;21;20;1;7;19;2
563;06/09/10;6;20;12;3;1;4;23;5;9;19;7;22;16;24;11
564;09/09/10;9;19;3;14;24;12;15;21;17;23;7;4;1;20;2
565;13/09/10;24;6;7;12;21;1;9;17;18;4;20;15;19;10;23
566;16/09/10;5;20;16;4;1;9;7;17;3;14;15;21;11;19;10
567;20/09/10;1;14;10;5;15;9;25;12;13;2;7;17;24;21;8
568;23/09/10;15;16;4;9;13;6;1;20;5;18;17;7;8;21;2
569;27/09/10;19;25;7;6;18;17;12;16;13;1;2;8;22;24;20
570;30/09/10;20;10;18;21;14;5;2;1;15;12;22;23;4;19;3
571;04/10/10;25;3;11;15;5;24;12;6;19;4;20;18;7;16;21
572;07/10/10;21;5;15;13;16;9;22;10;19;14;6;17;8;2;24
573;11/10/10;11;24;22;2;20;10;14;1;7;3;12;23;18;25;16
574;14/10/10;6;19;20;16;18;25;14;12;22;1;21;11;13;23;5
575;18/10/10;15;21;3;16;13;5;8;24;9;22;19;12;17;10;18
576;21/10/10;15;21;25;6;12;10;8;13;18;16;19;17;9;23;11
577;25/10/10;8;16;15;4;3;2;22;10;19;1;23;5;21;18;12
578;28/10/10;10;8;21;19;22;6;16;4;23;7;15;12;1;14;13
579;01/11/10;6;7;14;24;17;20;19;13;10;1;8;21;3;5;12
580;04/11/10;6;21;13;12;8;7;16;10;9;25;1;4;17;14;24
581;08/11/10;11;19;4;9;18;23;13;21;2;25;14;6;12;17;15
582;11/11/10;12;8;18;17;25;23;3;10;7;19;21;9;15;13;11
583;16/11/10;11;4;7;17;14;19;18;1;9;23;3;16;21;24;8
584;18/11/10;7;21;23;14;6;10;2;5;11;19;22;20;8;3;15
585;22/11/10;1;8;13;17;14;15;20;16;18;24;9;23;7;5;10
586;25/11/10;25;7;12;4;24;18;11;17;6;3;19;22;8;16;2
587;29/11/10;1;5;13;21;20;19;7;18;23;11;17;10;9;4;12
588;02/12/10;25;17;4;14;5;11;18;19;23;12;24;1;7;13;20
589;06/12/10;4;25;21;23;13;6;12;9;10;3;2;24;8;22;20
590;09/12/10;9;20;15;6;16;19;11;3;1;13;10;21;4;18;14
591;13/12/10;20;7;2;16;14;11;8;21;17;19;1;10;23;4;15
592;16/12/10;19;16;18;22;20;5;8;17;1;9;3;14;15;6;10
593;20/12/10;23;24;15;14;6;10;11;25;13;3;4;5;1;9;20
594;23/12/10;11;2;23;18;25;20;7;14;13;16;9;6;15;3;10
595;27/12/10;6;8;7;21;17;19;25;10;24;15;12;11;5;1;9
596;30/12/10;11;19;8;10;25;22;20;12;17;7;23;9;3;18;2
597;03/01/11;5;1;14;16;8;3;17;10;25;2;18;9;11;22;24
598;06/01/11;5;14;3;19;1;7;12;18;22;25;11;21;15;4;20
599;10/01/11;12;5;24;16;9;20;2;23;21;13;6;18;7;22;4
600;13/01/11;9;11;25;17;16;18;10;19;5;6;8;22;1;23;3
601;17/01/11;12;9;13;10;25;16;14;3;20;1;7;19;11;5;6
602;20/01/11;9;18;25;12;5;7;10;1;8;6;11;2;23;22;13
603;24/01/11;8;6;23;13;22;12;19;20;2;15;4;21;16;5;10
604;27/01/11;15;1;7;25;9;12;13;18;14;2;24;22;6;19;20
605;31/01/11;5;21;25;2;18;4;14;23;7;11;3;13;16;17;10
606;03/02/11;3;25;14;16;6;2;18;8;22;12;24;10;7;23;15
607;07/02/11;20;19;16;17;25;9;22;24;12;21;15;3;18;5;7
608;10/02/11;19;13;10;18;25;23;1;14;8;3;16;7;5;2;17
609;14/02/11;23;14;19;4;11;1;7;16;20;12;9;2;25;15;10
610;17/02/11;10;22;2;16;13;1;25;21;14;7;15;4;6;8;12
611;21/02/11;13;6;18;4;16;8;2;3;14;9;23;5;21;19;20
612;24/02/11;9;23;2;15;3;10;25;7;18;1;19;6;17;13;16
613;28/02/11;2;10;5;13;7;22;6;25;20;23;16;12;11;14;17
614;03/03/11;16;1;18;6;22;5;12;9;7;11;20;19;17;23;13
615;05/03/11;19;7;11;17;1;8;2;23;4;20;24;22;25;21;12
616;10/03/11;9;6;16;15;1;22;2;25;21;18;10;17;24;12;19
617;14/03/11;14;3;19;22;24;21;4;2;15;5;25;10;16;7;1
618;17/03/11;2;22;4;12;9;1;20;7;19;6;5;21;24;17;13
619;21/03/11;19;21;8;17;14;3;1;7;18;9;13;20;25;4;23
620;24/03/11;10;16;18;21;14;7;6;12;20;1;5;11;15;22;19
621;28/03/11;3;2;9;25;16;22;5;10;24;8;12;20;15;6;1
622;31/03/11;3;13;17;5;7;11;10;15;6;9;2;4;21;18;12
623;04/04/11;2;11;5;15;8;3;20;10;1;4;9;23;25;12;22
624;07/04/11;24;18;5;7;4;21;2;20;12;11;17;1;9;6;16
625;11/04/11;3;14;23;16;24;13;6;15;11;2;10;8;17;22;1
626;14/04/11;9;2;11;7;24;8;19;5;17;13;1;3;23;21;4
627;18/04/11;23;25;6;10;2;17;1;14;15;3;21;4;22;12;24
628;20/04/11;19;10;13;7;8;18;2;25;9;4;22;15;3;11;23
629;25/04/11;7;21;12;17;25;1;2;14;9;19;6;5;15;22;4
630;28/04/11;6;22;20;13;2;17;18;7;24;12;1;14;25;4;23
631;02/05/11;16;2;10;17;9;3;13;18;14;20;7;21;19;8;5
632;05/05/11;24;10;13;6;16;25;11;21;8;22;17;14;1;20;4
633;09/05/11;22;2;8;7;12;23;20;24;6;3;25;9;21;10;18
634;12/05/11;21;9;15;20;5;22;3;19;12;4;10;18;2;11;14
635;16/05/11;1;4;11;19;5;8;18;9;24;7;13;6;20;22;12
636;19/05/11;3;1;4;13;6;21;19;20;25;12;10;16;23;14;2
637;23/05/11;18;2;9;7;25;19;22;13;6;4;20;23;16;17;21
638;26/05/11;2;3;18;4;21;24;14;13;19;9;11;1;16;23;25
639;30/05/11;21;22;12;4;10;8;6;19;2;16;9;20;1;5;24
640;02/06/11;1;16;9;21;14;3;18;4;22;5;23;20;11;19;13
641;06/06/11;11;2;18;19;24;16;9;21;22;6;13;3;7;8;20
642;09/06/11;18;13;8;10;12;25;2;5;21;20;1;4;11;19;22
643;13/06/11;24;10;19;8;16;13;2;9;17;7;21;22;4;23;1
644;16/06/11;12;9;6;21;7;5;18;24;8;13;15;14;3;2;22
645;20/06/11;25;19;23;21;4;11;16;20;9;22;10;8;13;18;5
646;24/06/11;1;17;23;6;25;15;5;3;9;21;18;19;14;10;20
647;27/06/11;19;9;14;20;22;18;6;23;4;8;11;7;17;13;25
648;30/06/11;20;8;9;22;13;19;2;21;6;10;15;16;4;11;18
649;04/07/11;1;14;2;11;17;24;9;8;6;21;15;4;5;10;22
650;07/07/11;16;19;24;1;25;14;13;23;8;3;20;10;21;17;7
651;11/07/11;13;5;15;10;14;25;18;6;4;20;1;24;8;17;19
652;14/07/11;17;7;2;21;20;13;19;5;9;16;11;14;10;23;18
653;18/07/11;16;3;20;1;19;17;22;13;12;23;14;21;7;8;2
654;21/07/11;25;20;12;13;16;3;7;19;22;17;14;1;2;18;23
655;25/07/11;20;13;21;19;11;25;5;14;8;2;15;7;24;10;23
656;28/07/11;3;18;8;14;15;5;22;9;20;7;25;11;23;2;13
657;01/08/11;13;25;19;17;8;23;5;15;2;10;4;6;24;12;3
658;04/08/11;6;4;17;7;23;24;14;25;9;21;11;15;1;5;10
659;08/08/11;23;3;8;12;10;24;6;9;20;1;15;11;4;5;19
660;11/08/11;17;5;15;16;4;9;3;7;6;12;19;24;14;8;25
661;15/08/11;1;7;20;22;3;15;24;6;23;17;10;19;18;11;12
662;18/08/11;7;14;13;2;8;15;1;9;6;3;19;16;22;11;20
663;22/08/11;13;4;21;19;2;6;24;17;9;16;22;5;23;11;7
664;25/08/11;18;15;1;23;24;20;7;21;13;3;10;16;4;17;14
665;29/08/11;21;3;13;2;17;7;15;22;24;14;20;6;18;12;25
666;01/09/11;12;24;11;6;7;14;4;16;1;25;2;18;15;20;21
667;05/09/11;13;15;10;4;17;25;8;6;24;3;20;19;21;18;5
668;08/09/11;11;25;15;1;13;9;20;24;23;10;17;7;12;16;2
669;13/09/11;15;16;25;19;2;23;4;5;22;6;18;17;12;13;24
670;15/09/11;1;18;21;20;14;7;25;10;22;15;8;12;23;17;13
671;19/09/11;10;9;18;20;8;13;5;19;12;11;7;4;14;22;24
672;22/09/11;11;21;24;19;4;10;15;1;9;2;6;17;23;12;25
673;26/09/11;2;17;4;15;10;13;11;9;12;14;20;8;5;19;7
674;29/09/11;10;3;14;11;23;2;16;22;20;24;18;19;25;15;8
675;03/10/11;13;7;5;2;11;22;23;15;4;17;24;14;3;10;16
676;06/10/11;25;15;19;24;6;12;21;16;5;8;13;4;10;2;20
677;10/10/11;16;12;2;19;25;10;6;1;13;7;5;8;15;23;11
678;13/10/11;23;2;19;18;3;15;20;12;9;5;21;7;10;25;24
679;17/10/11;22;11;10;17;15;14;20;2;21;13;19;8;12;7;18
680;20/10/11;3;6;8;9;19;13;21;4;18;12;20;7;22;16;14
681;24/10/11;4;18;6;14;15;16;23;11;19;2;8;7;3;10;12
682;27/10/11;4;18;22;24;19;25;14;2;1;17;5;11;8;7;6
683;31/10/11;8;15;6;12;9;5;1;4;13;23;10;24;2;7;11
684;03/11/11;4;8;22;25;1;13;24;20;14;21;11;12;5;10;16
685;07/11/11;20;22;1;25;15;4;12;23;3;21;9;19;13;17;24
686;10/11/11;20;1;6;12;3;24;16;4;13;19;7;10;22;25;23
687;14/11/11;18;19;13;20;23;1;6;3;24;15;12;25;4;2;9
688;17/11/11;21;23;7;1;4;14;3;19;2;24;9;12;22;16;11
689;21/11/11;11;23;13;8;17;7;4;24;2;3;12;5;15;22;6
690;24/11/11;3;15;24;12;20;1;10;14;25;13;9;2;18;19;11
691;28/11/11;22;1;20;6;7;17;9;8;23;3;18;11;19;13;2
692;01/12/11;4;22;17;12;10;11;24;23;18;2;6;19;1;7;21
693;05/12/11;6;14;17;7;1;4;2;11;9;22;19;3;10;16;21
694;08/12/11;3;16;15;11;10;6;21;8;14;1;9;24;19;18;20
695;12/12/11;24;22;13;3;5;21;17;18;19;20;4;11;2;25;14
696;15/12/11;5;20;15;4;9;7;22;13;24;16;11;21;1;10;14
697;19/12/11;3;7;24;19;8;1;11;23;22;14;16;15;2;25;18
698;22/12/11;4;6;12;22;7;21;20;9;15;3;14;24;10;18;2
699;26/12/11;22;18;3;8;4;21;19;6;2;25;23;10;9;16;15
700;29/12/11;10;21;25;1;22;18;13;2;16;6;7;14;8;19;9
701;02/01/12;17;4;20;21;16;10;19;13;12;3;22;23;25;14;8
702;05/01/12;4;14;25;8;23;5;13;3;1;10;2;7;20;6;9
703;09/01/12;8;24;15;23;2;18;11;21;25;20;17;14;22;5;10
704;12/01/12;15;17;8;16;11;24;14;22;5;23;2;13;6;3;10
705;16/01/12;15;21;22;20;12;9;6;14;11;25;7;8;16;3;4
706;19/01/12;22;18;21;16;8;1;25;12;19;24;3;13;6;2;4
707;23/01/12;25;8;11;20;16;7;3;24;17;12;21;15;14;4;6
708;26/01/12;1;19;14;6;2;16;21;3;24;5;11;25;4;9;22
709;30/01/12;6;8;20;12;11;7;14;18;3;1;22;15;16;19;23
710;02/02/12;19;3;17;14;20;25;21;6;4;18;15;12;24;2;22
711;06/02/12;2;12;18;21;6;4;1;24;10;22;16;5;15;7;13
712;08/02/12;9;4;20;18;17;16;8;15;22;21;23;12;1;25;14
713;10/02/12;23;11;22;6;2;13;15;21;25;5;14;3;19;4;24
714;13/02/12;13;17;7;19;6;10;21;12;15;14;4;11;8;9;22
715;15/02/12;8;15;24;5;20;18;3;25;13;11;22;1;23;10;14
716;17/02/12;21;23;11;18;7;3;12;16;8;20;14;15;25;1;5
717;22/02/12;5;9;18;21;23;2;1;14;11;8;7;20;16;3;25
718;24/02/12;22;19;3;14;4;24;9;13;21;11;23;25;7;15;17
719;27/02/12;18;11;22;24;10;2;15;16;9;23;13;25;8;7;19
720;01/03/12;4;9;17;16;12;24;7;23;13;18;10;20;11;25;21
721;02/03/12;5;21;15;14;3;9;12;7;19;10;11;8;4;2;1
722;05/03/12;7;1;23;19;6;8;5;20;3;14;10;17;24;13;16
723;07/03/12;3;14;9;8;20;11;4;5;7;15;24;2;12;10;18
724;09/03/12;7;6;20;12;23;14;18;10;19;1;25;3;24;15;5
725;12/03/12;5;17;13;1;21;16;15;24;7;6;18;10;9;25;12
726;14/03/12;10;16;20;25;21;7;13;11;24;2;15;4;9;1;14
727;16/03/12;25;8;23;3;24;16;11;20;6;21;9;18;22;7;4
728;19/03/12;13;23;11;7;25;16;6;20;10;19;8;22;21;3;4
729;21/03/12;10;2;14;12;9;22;6;3;25;15;23;17;1;7;4
730;23/03/12;22;24;21;19;4;1;20;12;18;16;8;11;3;14;25
731;26/03/12;4;7;18;8;6;21;24;14;22;17;3;12;15;19;11
732;28/03/12;25;14;1;11;13;24;20;8;23;9;10;4;22;17;21
733;30/03/12;8;18;11;14;4;22;1;16;24;20;7;5;12;6;19
734;02/04/12;24;15;2;3;19;20;23;8;9;21;13;17;6;18;10
735;04/04/12;8;20;22;5;11;24;13;21;19;14;12;25;17;10;6
736;07/04/12;4;10;2;17;13;15;21;9;3;23;8;16;6;19;5
737;09/04/12;3;7;18;4;16;25;5;10;22;2;12;6;17;14;8
738;11/04/12;25;23;13;6;14;11;16;18;9;7;2;24;19;20;12
739;13/04/12;11;25;14;2;22;20;8;9;10;17;3;21;4;23;24
740;16/04/12;10;21;11;13;24;9;5;22;4;1;19;12;25;14;23
741;18/04/12;18;3;14;12;24;5;21;11;2;7;17;13;10;25;16
742;20/04/12;23;20;1;7;6;5;14;21;8;11;3;15;13;9;19
743;23/04/12;12;11;3;10;2;24;14;17;1;15;21;6;9;22;23
744;25/04/12;9;3;4;12;10;13;6;16;11;1;19;23;7;15;24
745;27/04/12;7;1;17;12;16;24;8;9;3;6;11;20;22;25;13
746;30/04/12;16;18;9;8;25;17;10;24;2;20;21;19;4;3;5
747;02/05/12;24;4;10;23;12;15;7;20;2;13;6;16;17;1;3
748;04/05/12;4;18;23;17;9;15;5;6;10;12;21;20;8;3;1
749;07/05/12;24;2;7;8;18;11;6;22;14;13;1;4;19;15;3
750;09/05/12;9;3;2;20;25;4;13;7;10;19;5;21;11;15;24
751;11/05/12;14;17;20;23;13;12;6;3;9;16;22;5;8;19;21
752;14/05/12;13;6;24;21;19;14;16;8;12;1;25;4;18;7;5
753;16/05/12;7;3;11;1;22;8;5;13;21;14;6;4;17;25;20
754;18/05/12;1;19;5;16;4;20;15;18;24;7;23;22;17;13;25
755;21/05/12;14;24;3;5;25;11;17;2;7;8;13;1;10;16;12
756;23/05/12;15;17;3;20;14;13;8;25;5;6;10;16;22;7;23
757;25/05/12;4;10;11;1;21;20;9;14;17;18;3;23;8;13;15
758;28/05/12;15;18;24;4;5;6;17;16;11;2;20;12;1;25;23
759;30/05/12;20;23;8;16;25;7;5;17;15;18;24;19;2;9;10
760;01/06/12;11;24;2;15;9;25;3;12;13;10;7;1;23;16;17
761;04/06/12;15;11;4;6;1;19;16;13;20;14;12;24;5;10;22
762;06/06/12;7;11;21;13;22;2;1;10;17;3;9;12;5;6;14
763;08/06/12;18;16;21;1;14;25;13;3;6;7;24;4;2;17;22
764;11/06/12;25;4;1;8;23;17;19;3;24;9;11;14;6;16;12
765;13/06/12;14;23;13;25;12;1;2;18;3;9;20;10;7;24;8
766;15/06/12;24;25;12;9;21;15;7;5;16;3;6;14;13;1;18
767;18/06/12;1;11;15;12;5;8;22;24;17;19;23;4;3;7;10
768;20/06/12;11;3;23;19;25;15;6;12;17;20;14;24;5;1;13
769;22/06/12;5;11;4;23;22;16;15;25;7;13;17;10;3;19;20
770;25/06/12;17;12;4;24;1;3;18;6;25;11;22;16;5;9;21
771;27/06/12;20;7;22;25;2;4;6;9;5;23;8;14;17;10;16
772;29/06/12;16;2;12;20;7;6;9;25;15;8;11;24;10;4;23
773;02/07/12;6;18;20;15;8;17;7;10;2;25;22;11;13;24;5
774;04/07/12;19;11;14;6;1;15;18;12;3;8;22;9;4;5;25
775;06/07/12;6;17;12;2;18;10;20;3;16;13;19;8;7;14;9
776;09/07/12;10;24;22;14;2;18;13;4;23;12;1;11;20;3;19
777;11/07/12;21;15;9;25;2;11;14;12;24;3;6;13;20;23;16
778;13/07/12;11;15;20;10;6;9;7;19;24;2;13;25;16;5;22
779;16/07/12;16;20;19;21;14;23;5;13;8;9;22;12;4;17;11
780;18/07/12;21;20;15;8;13;17;16;3;19;24;6;7;18;25;10
781;20/07/12;11;1;2;22;10;25;9;15;4;19;16;8;14;20;17
782;23/07/12;18;13;5;14;20;12;10;17;21;15;19;16;11;9;8
783;25/07/12;20;16;1;8;19;7;2;5;6;13;24;15;22;11;21
784;27/07/12;1;12;2;20;23;13;15;4;21;11;3;7;22;18;25
785;30/07/12;12;11;13;1;17;10;23;15;6;7;4;19;16;21;2
786;01/08/12;21;15;23;24;5;11;8;25;6;10;17;2;4;13;12
787;03/08/12;8;4;10;12;16;1;5;14;9;20;17;19;13;11;23
788;06/08/12;3;12;4;11;24;9;1;22;16;21;25;19;23;8;10
789;08/08/12;18;12;15;3;22;14;8;19;11;2;24;10;21;4;16
790;10/08/12;8;3;7;12;16;10;19;23;18;20;22;13;25;24;6
791;13/08/12;11;8;1;7;2;23;14;22;3;10;21;25;6;13;5
792;15/08/12;20;12;25;14;8;19;21;9;2;3;1;23;6;10;18
793;17/08/12;17;5;20;16;14;23;11;21;2;12;9;4;25;7;18
794;20/08/12;2;15;14;9;3;23;5;24;4;8;20;1;25;6;11
795;22/08/12;9;10;1;3;7;12;8;24;21;14;4;6;2;16;22
796;24/08/12;18;24;11;14;6;21;8;4;10;20;2;16;7;17;3
797;27/08/12;8;7;24;19;2;20;21;11;17;18;3;15;5;25;6
798;29/08/12;16;18;13;24;19;23;22;10;6;8;1;5;11;3;15
799;31/08/12;22;3;11;15;14;21;23;24;16;6;19;25;8;13;4
800;06/09/12;16;13;10;22;12;7;9;6;8;11;4;24;3;21;20
801;10/09/12;25;3;17;1;6;23;21;10;12;7;19;4;18;15;5
802;12/09/12;22;4;9;13;21;14;5;3;10;12;18;8;20;1;25
803;14/09/12;16;25;20;1;17;24;18;14;5;4;19;23;15;12;21
804;17/09/12;1;13;7;23;24;6;3;20;18;17;5;4;21;8;15
805;19/09/12;17;6;11;25;1;16;24;13;14;20;2;4;9;22;7
806;21/09/12;14;25;10;5;3;15;1;20;2;16;24;19;8;7;6
807;24/09/12;19;7;22;25;8;24;11;13;10;21;18;5;4;3;2
808;26/09/12;18;6;17;10;16;24;12;22;4;11;21;14;7;20;25
809;28/09/12;5;2;21;18;1;25;13;16;24;7;9;23;22;19;4
810;01/10/12;6;3;23;15;22;1;24;16;18;12;17;7;21;9;11
811;03/10/12;4;2;17;20;12;3;7;14;19;10;1;5;22;9;6
812;05/10/12;18;1;5;14;20;8;17;24;3;19;11;21;23;7;25
813;08/10/12;3;8;23;1;16;21;10;12;7;5;19;4;24;25;6
814;10/10/12;11;12;4;8;17;21;10;24;13;20;19;3;14;22;23
815;13/10/12;10;20;14;25;8;11;18;7;17;15;22;6;21;23;24
816;15/10/12;13;17;5;25;19;12;8;15;2;3;23;10;16;9;11
817;17/10/12;10;23;8;4;25;12;17;24;11;20;18;2;3;5;1
818;19/10/12;8;24;22;11;5;14;16;23;10;19;25;6;4;20;13
819;22/10/12;12;22;8;6;18;5;3;21;20;19;4;7;9;11;10
820;24/10/12;3;8;22;9;2;1;7;24;6;16;5;13;23;15;10
821;26/10/12;25;17;24;7;10;11;3;9;12;21;5;16;23;14;4
822;29/10/12;3;15;22;11;24;2;14;18;12;5;19;17;21;16;23
823;31/10/12;2;5;12;16;20;24;22;9;25;11;13;19;4;1;14
824;03/11/12;22;4;3;7;19;21;24;14;20;11;15;25;13;2;12
825;05/11/12;14;22;13;25;23;7;1;15;9;11;17;8;6;10;19
826;07/11/12;16;5;20;19;3;23;24;6;14;18;13;12;21;15;17
827;09/11/12;4;1;10;17;5;16;12;2;9;22;7;14;21;24;13
828;12/11/12;19;9;15;8;23;17;25;14;6;7;20;12;24;22;1
829;14/11/12;8;22;5;14;16;9;23;11;7;2;13;25;24;18;17
830;16/11/12;10;11;1;19;14;23;21;9;6;16;4;12;24;17;13
831;19/11/12;18;2;1;14;22;11;17;5;9;10;3;12;20;21;16
832;21/11/12;19;15;6;12;24;10;2;16;8;22;7;25;11;5;23
833;23/11/12;11;16;12;2;5;17;6;25;22;19;10;7;20;18;13
834;26/11/12;10;14;23;19;22;4;2;18;7;21;9;16;8;11;20
835;28/11/12;2;15;19;18;14;25;8;4;17;6;12;21;16;1;24
836;30/11/12;9;18;12;15;4;10;14;21;20;16;25;8;7;22;2
837;03/12/12;16;10;15;22;13;12;7;3;11;8;1;18;24;14;20
838;05/12/12;9;15;18;10;23;20;14;21;16;4;2;24;5;11;7
839;07/12/12;21;19;6;3;22;7;16;17;25;24;13;2;8;14;4
840;10/12/12;13;21;20;4;19;6;18;17;25;9;11;22;2;23;12
841;12/12/12;21;24;13;5;10;14;3;12;17;20;6;16;1;8;15
842;14/12/12;10;3;15;13;20;19;5;18;14;4;7;22;11;21;24
843;17/12/12;16;20;7;24;15;22;19;21;12;13;3;4;17;11;8
844;19/12/12;25;24;8;17;22;12;19;1;3;15;10;16;5;9;7
845;21/12/12;12;7;2;4;25;23;21;18;11;22;19;16;14;24;6
846;24/12/12;9;10;24;20;15;23;14;1;21;11;6;4;19;13;25
847;26/12/12;17;11;21;7;9;18;14;13;20;1;6;25;10;3;5
848;28/12/12;2;25;24;9;23;18;21;5;19;16;3;13;14;8;17
849;31/12/12;14;4;25;5;17;12;23;10;20;15;24;16;1;18;13
850;02/01/13;23;20;2;14;18;13;3;7;24;10;19;21;8;5;22
851;04/01/13;20;4;1;5;10;22;17;18;24;6;14;15;13;7;19
852;07/01/13;25;4;21;5;23;1;11;20;2;12;16;18;24;3;8
853;09/01/13;21;6;19;12;20;23;18;2;11;5;3;17;9;8;22
854;11/01/13;14;10;18;17;15;1;13;8;21;5;3;2;9;22;20
855;14/01/13;8;1;9;14;18;17;23;3;13;4;10;11;25;24;15
856;16/01/13;13;22;3;7;9;12;20;2;25;8;23;19;15;11;16
857;18/01/13;13;15;18;20;8;3;14;11;21;1;4;16;6;24;19
858;21/01/13;4;22;23;20;5;3;9;11;12;25;6;19;1;17;8
859;23/01/13;4;2;10;5;19;13;18;17;14;9;6;11;20;1;3
860;25/01/13;19;25;7;16;14;3;6;15;4;24;10;13;22;5;9
861;28/01/13;19;2;4;17;11;23;6;14;1;10;15;7;22;3;9
862;30/01/13;20;3;14;19;23;1;4;13;17;15;18;2;10;24;5
863;01/02/13;1;19;3;18;24;4;23;16;15;22;8;17;7;13;25
864;04/02/13;15;3;18;17;23;13;10;19;8;16;22;12;6;24;21
865;06/02/13;10;22;1;13;5;19;21;7;25;4;6;3;23;20;18
866;08/02/13;24;14;5;10;23;20;9;13;2;11;18;7;1;3;8
867;13/02/13;7;6;8;3;13;21;14;10;25;2;15;22;12;5;4
868;15/02/13;8;3;21;12;16;10;19;9;14;1;22;24;2;17;13
869;18/02/13;9;25;22;1;24;12;14;10;20;3;11;23;6;18;21
870;20/02/13;7;13;18;12;14;17;1;8;23;10;5;6;4;16;2
871;22/02/13;4;23;9;13;17;6;8;24;14;10;22;19;2;15;12
872;25/02/13;7;2;5;22;12;1;23;18;4;17;6;13;10;14;9
873;27/02/13;7;6;11;9;15;14;17;25;13;12;8;18;3;2;22
874;01/03/13;16;23;8;1;7;20;4;10;5;21;19;2;25;9;6
875;04/03/13;4;9;21;24;12;15;13;22;6;23;25;10;2;8;18
876;06/03/13;6;14;9;21;20;16;18;13;7;5;24;25;3;12;23
877;08/03/13;23;10;16;11;19;3;15;14;25;18;21;7;8;9;13
878;11/03/13;22;19;7;25;6;2;23;3;13;10;14;1;5;16;12
879;13/03/13;9;2;25;13;4;18;22;3;15;12;16;24;7;10;21
880;15/03/13;8;14;2;5;19;22;25;6;18;10;21;24;7;16;23
881;18/03/13;21;4;8;1;7;3;20;23;16;19;6;15;5;22;9
882;20/03/13;10;2;12;19;7;17;22;25;14;13;18;24;11;8;1
883;22/03/13;22;21;6;12;8;18;3;17;25;19;10;5;7;16;9
884;25/03/13;17;10;12;21;25;19;9;8;13;4;15;7;18;20;1
885;27/03/13;7;19;23;17;8;16;2;18;9;11;22;24;12;5;15
886;30/03/13;15;21;12;13;1;8;23;16;20;4;3;10;11;17;7
887;01/04/13;15;10;8;6;1;21;25;19;11;12;24;18;17;23;20
888;03/04/13;13;20;12;22;6;11;1;18;17;19;14;24;16;3;21
889;05/04/13;5;7;19;2;6;25;12;9;4;21;13;22;16;11;18
890;08/04/13;3;7;1;11;23;6;17;19;24;4;2;18;8;5;16
891;10/04/13;5;24;17;23;8;16;19;15;7;25;14;12;6;1;21
892;12/04/13;6;24;13;3;14;2;19;10;16;20;17;21;22;1;5
893;15/04/13;8;23;22;6;3;2;5;24;16;9;11;4;1;15;20
894;17/04/13;21;2;18;15;22;6;9;13;12;19;24;25;14;5;1
895;19/04/13;25;13;18;17;21;2;5;16;8;12;6;11;3;19;4
896;22/04/13;8;13;15;1;2;7;12;20;18;4;17;19;3;6;23
897;24/04/13;23;21;9;16;1;11;8;13;10;2;17;14;7;5;18
898;26/04/13;14;1;24;20;10;11;4;18;12;8;9;21;6;13;25
899;29/04/13;21;9;20;25;4;10;23;7;15;16;1;14;17;18;12
900;03/05/13;2;11;7;20;6;25;15;1;13;8;22;10;24;18;12
901;06/05/13;22;1;7;6;24;10;16;23;4;13;18;12;14;25;2
902;08/05/13;24;2;11;4;8;17;5;25;9;1;6;3;20;21;23
903;10/05/13;6;20;5;16;8;18;10;2;15;11;13;3;4;1;22
904;13/05/13;10;17;16;18;20;22;13;24;7;19;6;9;1;12;5
905;15/05/13;6;14;20;16;4;11;12;21;1;22;8;23;17;10;13
906;17/05/13;5;3;7;10;8;12;22;6;24;1;17;21;18;2;9
907;20/05/13;14;4;8;23;5;3;21;13;2;7;20;16;15;22;10
908;22/05/13;1;15;4;10;12;23;17;13;25;2;18;6;24;9;7
909;24/05/13;1;8;6;18;3;12;20;13;21;11;7;10;2;22;5
910;27/05/13;5;11;17;8;6;24;25;20;16;18;3;19;4;13;9
911;29/05/13;24;2;17;5;11;21;6;22;25;15;23;3;8;1;13
912;31/05/13;17;14;20;23;15;22;16;4;18;7;21;2;10;3;19
913;03/06/13;25;22;20;10;19;24;13;5;18;12;6;17;4;15;3
914;05/06/13;5;4;22;12;24;3;1;11;23;18;17;15;6;10;20
915;07/06/13;11;20;24;2;10;4;13;5;23;25;8;22;18;1;6
916;10/06/13;6;24;17;5;19;4;13;18;3;23;7;1;2;14;11
917;12/06/13;3;21;1;5;4;14;11;20;19;6;13;22;24;2;17
918;14/06/13;1;23;8;9;4;22;21;3;2;13;6;16;17;14;15
919;17/06/13;5;13;4;21;14;11;3;1;22;7;17;9;19;2;10
920;19/06/13;19;2;5;4;1;3;23;10;6;16;20;15;13;12;22
921;21/06/13;18;4;3;16;17;15;2;25;24;21;9;7;12;1;19
922;24/06/13;23;2;17;21;8;12;4;9;5;20;6;22;16;24;15
923;26/06/13;14;15;1;7;4;19;22;12;5;6;10;20;24;25;3
924;28/06/13;16;8;17;2;20;7;6;12;18;1;10;19;14;24;9
925;01/07/13;12;3;16;23;7;25;22;1;4;6;24;14;13;9;15
926;03/07/13;14;1;11;19;15;5;13;24;9;12;7;6;10;8;21
927;05/07/13;23;22;2;5;9;6;3;14;13;21;16;17;11;20;25
928;08/07/13;11;14;1;9;19;4;12;24;6;8;10;25;17;15;23
929;10/07/13;23;2;18;25;14;1;21;11;9;8;20;7;4;5;10
930;12/07/13;9;20;24;2;11;14;15;16;5;25;6;12;22;23;3
931;15/07/13;20;19;16;5;8;3;25;14;12;10;22;11;2;6;24
932;17/07/13;16;18;4;8;12;13;20;14;1;25;21;5;23;15;22
933;19/07/13;14;17;19;15;7;5;11;24;23;2;16;4;10;6;3
934;22/07/13;22;24;21;8;20;3;23;4;14;25;11;9;2;10;19
935;24/07/13;7;22;19;18;3;4;1;2;10;14;23;5;6;12;9
936;26/07/13;7;4;1;8;18;25;2;15;3;13;6;17;20;19;23
937;29/07/13;23;2;20;14;25;19;6;9;1;11;13;24;10;16;12
938;31/07/13;19;6;7;17;20;15;11;25;13;16;18;3;4;10;2
939;02/08/13;11;21;25;1;7;5;20;9;10;18;16;6;4;19;15
940;05/08/13;25;14;18;24;4;17;3;2;9;20;19;16;13;7;6
941;07/08/13;11;25;16;3;15;18;4;5;2;9;10;7;1;8;23
942;09/08/13;13;18;5;1;21;6;4;24;11;22;12;3;7;19;20
943;12/08/13;5;18;14;13;12;10;23;3;6;9;15;21;17;4;22
944;14/08/13;16;9;21;8;10;12;11;24;19;1;14;13;25;17;18
945;16/08/13;13;4;21;2;9;20;3;19;24;6;18;23;11;25;5
946;19/08/13;1;22;10;24;14;20;21;16;7;19;25;18;9;8;17
947;21/08/13;3;9;7;16;22;18;10;1;11;12;5;24;15;2;20
948;23/08/13;18;2;5;16;21;6;11;9;13;1;19;24;22;8;17
949;26/08/13;10;17;11;23;8;15;12;6;13;9;14;7;1;21;16
950;28/08/13;25;12;20;5;21;17;9;8;4;14;13;2;18;7;19
951;30/08/13;21;7;25;19;10;17;14;9;15;3;22;8;13;20;23
952;07/09/13;12;3;18;17;6;4;8;11;14;23;19;21;25;22;1
953;09/09/13;1;9;13;12;21;16;10;7;24;15;14;18;5;2;6
954;11/09/13;11;14;25;23;6;20;13;8;24;3;16;18;12;10;5
955;13/09/13;4;5;16;7;24;11;1;12;21;14;2;9;13;18;10
956;16/09/13;5;6;16;13;2;12;17;22;8;4;21;11;18;3;19
957;18/09/13;24;15;22;5;8;6;1;23;16;25;13;21;4;7;3
958;20/09/13;19;14;24;4;6;20;5;1;9;17;21;16;12;13;22
959;23/09/13;9;19;25;5;12;24;16;20;11;2;22;21;14;23;6
960;25/09/13;16;14;1;6;7;2;24;17;10;4;20;21;12;18;3
961;27/09/13;1;4;18;20;7;12;22;2;11;15;25;21;5;9;3
962;30/09/13;15;1;6;25;14;13;23;21;22;4;17;20;8;9;11
963;02/10/13;11;23;15;14;7;3;19;18;9;16;17;6;4;10;24
964;04/10/13;2;23;4;9;15;1;20;3;10;19;11;7;18;17;21
965;07/10/13;13;18;14;24;19;15;10;22;21;8;16;3;4;11;9
966;09/10/13;4;11;6;21;7;5;12;3;10;17;2;8;25;19;22
967;11/10/13;17;4;25;16;22;11;23;21;2;10;20;8;6;9;3
968;14/10/13;11;7;9;20;19;5;3;4;2;18;14;16;21;13;25
969;16/10/13;16;17;20;18;5;1;4;12;24;3;10;22;19;11;9
970;18/10/13;15;18;6;9;1;17;8;12;19;20;3;21;10;23;24
971;21/10/13;22;24;4;9;7;10;5;20;11;6;18;21;3;23;25
972;23/10/13;22;1;13;15;8;23;25;20;21;11;3;6;16;14;24
973;25/10/13;22;14;6;3;1;24;5;11;8;25;2;20;15;21;18
974;28/10/13;1;21;12;22;6;4;14;10;9;7;19;8;17;15;24
975;30/10/13;11;12;6;10;16;19;2;20;4;1;17;24;14;13;7
976;01/11/13;19;13;25;14;6;2;10;1;23;21;24;7;3;11;4
977;04/11/13;22;1;2;14;11;17;10;7;23;18;13;20;24;8;6
978;06/11/13;13;18;4;11;15;3;16;7;14;5;9;25;12;8;6
979;08/11/13;6;16;9;19;25;23;22;2;21;24;5;10;7;8;14
980;11/11/13;12;22;9;24;20;11;7;10;21;2;6;8;17;13;1
981;13/11/13;22;24;16;6;9;2;4;18;19;1;25;8;3;12;21
982;16/11/13;14;5;23;3;4;21;9;7;1;13;17;18;6;24;20
983;18/11/13;14;8;15;2;10;7;4;18;19;25;5;21;16;11;6
984;20/11/13;25;15;13;4;2;9;24;12;23;10;22;8;11;20;21
985;22/11/13;3;21;9;13;24;6;4;17;12;7;22;14;18;23;25
986;25/11/13;2;14;7;13;1;11;22;21;23;20;15;5;16;24;18
987;27/11/13;22;15;2;20;4;12;9;19;7;13;6;5;18;11;23
988;29/11/13;15;3;20;9;13;7;17;11;1;24;25;5;12;16;19
989;02/12/13;13;15;4;22;10;9;8;19;14;3;24;17;18;6;23
990;04/12/13;7;8;13;19;20;6;24;22;10;11;12;16;15;5;1
991;06/12/13;14;7;9;2;6;22;21;24;17;1;15;12;25;5;18
992;09/12/13;5;17;8;24;20;15;11;13;9;3;19;1;7;4;10
993;11/12/13;7;5;12;17;20;4;2;25;24;9;14;21;10;23;22
994;13/12/13;25;23;12;18;8;15;5;11;16;9;3;22;13;7;14
995;16/12/13;14;2;23;9;20;12;13;8;7;3;22;17;4;24;1
996;18/12/13;20;18;21;9;24;2;17;4;16;6;3;13;25;7;23
997;20/12/13;2;24;22;4;18;7;15;10;19;5;12;23;16;17;9
998;23/12/13;19;1;5;3;22;2;14;12;9;20;11;17;21;23;4
999;27/12/13;6;2;14;16;24;15;18;10;1;13;21;8;12;5;7
1000;30/12/13;13;16;11;14;4;18;22;3;8;17;20;12;15;19;2
1001;03/01/14;23;8;6;17;14;25;21;13;12;10;19;11;5;20;7
1002;06/01/14;22;18;17;8;12;4;24;21;15;20;14;3;13;16;10
1003;09/01/14;1;12;25;3;21;16;10;20;14;17;19;8;2;23;6
1004;10/01/14;12;21;10;3;6;22;15;18;25;19;14;20;2;1;24
1005;13/01/14;21;9;18;20;10;1;14;22;12;19;24;15;16;5;7
1006;15/01/14;4;7;6;5;15;22;13;3;16;23;1;24;20;14;9
1007;17/01/14;24;6;2;20;11;25;9;3;12;7;22;1;23;10;18
1008;20/01/14;19;12;13;7;6;18;3;16;10;8;22;17;9;1;21
1009;22/01/14;9;6;4;12;18;11;24;2;10;20;17;14;22;19;15
1010;24/01/14;11;4;21;8;14;10;1;2;15;19;13;23;6;16;22
1011;27/01/14;4;19;9;25;18;10;17;7;23;3;24;15;1;13;5
1012;29/01/14;16;17;1;25;7;15;12;24;18;9;11;21;14;2;22
1013;31/01/14;7;18;1;4;20;17;3;19;11;21;13;23;10;2;5
1014;03/02/14;13;24;14;10;25;9;2;8;1;18;12;23;17;22;20
1015;05/02/14;3;23;18;13;17;21;1;7;2;5;15;8;20;16;6
1016;07/02/14;15;3;19;20;25;2;21;23;1;12;6;14;5;11;16
1017;10/02/14;21;4;16;10;9;3;2;19;8;11;12;17;23;1;15
1018;12/02/14;11;17;2;19;18;7;5;10;8;16;14;22;12;24;4
1019;14/02/14;22;3;18;8;12;20;7;5;21;2;4;17;23;1;10
1020;17/02/14;7;12;20;21;18;9;5;2;15;24;3;19;11;16;13
1021;19/02/14;1;21;20;13;9;6;14;22;15;18;5;16;10;19;23
1022;21/02/14;25;9;10;21;3;22;18;5;16;7;8;4;24;1;14
1023;24/02/14;21;18;9;11;16;14;8;23;6;22;3;7;13;2;1
1024;26/02/14;7;2;23;4;14;13;20;17;10;9;12;22;11;21;1
1025;28/02/14;16;11;9;22;1;13;19;14;25;7;18;17;2;15;23
1026;05/03/14;1;6;7;12;19;11;20;16;24;18;14;23;5;15;21
1027;07/03/14;10;14;19;1;16;9;25;15;6;5;12;3;8;21;23
1028;10/03/14;4;25;5;11;24;17;20;7;10;19;6;9;8;23;16
1029;12/03/14;2;6;22;13;24;19;14;25;1;18;11;23;17;3;8
1030;14/03/14;19;8;15;16;2;23;11;4;20;3;1;17;9;18;10
1031;17/03/14;12;4;9;24;11;14;17;2;22;5;19;15;1;6;20
1032;19/03/14;23;4;2;6;3;10;20;11;8;17;16;13;18;14;1
1033;21/03/14;13;4;18;17;7;14;12;23;16;6;21;24;22;8;3
1034;24/03/14;8;2;23;3;13;17;12;6;21;10;20;18;14;19;4
1035;26/03/14;15;13;21;19;25;20;7;6;12;14;9;18;23;4;22
1036;28/03/14;14;12;7;22;18;21;4;9;11;5;19;24;10;17;20
1037;31/03/14;11;20;9;25;17;18;1;12;24;5;15;21;6;10;23
1038;02/04/14;8;10;24;19;6;7;20;18;16;9;17;2;13;21;25
1039;04/04/14;21;1;15;18;9;2;19;14;22;20;3;12;24;8;13
1040;07/04/14;10;12;4;23;25;9;2;1;6;16;20;22;13;21;8
1041;09/04/14;25;20;12;21;19;15;24;5;10;23;3;7;13;1;17
1042;11/04/14;7;1;15;10;21;14;16;24;6;11;22;9;3;8;19
1043;14/04/14;6;25;7;17;14;12;18;11;1;2;9;19;8;24;10
1044;16/04/14;17;10;20;24;11;6;12;23;5;2;8;15;4;7;25
1045;19/04/14;24;23;20;6;9;17;3;25;16;2;11;5;22;21;15
1046;23/04/14;13;14;21;3;7;12;18;4;11;25;20;5;22;8;23
1047;25/04/14;15;21;20;11;17;24;8;22;12;7;9;10;16;4;25
1048;28/04/14;15;16;1;20;9;17;10;2;21;25;18;7;3;6;5
1049;30/04/14;18;17;20;9;12;22;25;21;4;23;14;2;5;19;16
1050;02/05/14;24;1;7;15;21;22;25;17;19;4;6;13;10;12;16
1051;05/05/14;3;8;4;7;14;13;16;23;20;10;25;2;18;21;11
1052;07/05/14;18;8;3;1;5;11;24;21;10;23;6;16;20;17;4
1053;09/05/14;14;12;24;17;22;13;2;6;4;1;3;15;18;11;23
1054;12/05/14;20;15;9;5;3;24;17;12;6;16;4;2;25;18;13
1055;14/05/14;12;7;1;24;10;2;8;9;25;22;14;18;13;3;23
1056;16/05/14;22;15;18;4;6;21;10;23;9;14;2;8;5;11;19
1057;19/05/14;19;25;13;7;20;11;9;6;23;4;21;16;14;1;8
1058;21/05/14;22;9;24;17;6;12;25;18;13;4;21;20;7;5;16
1059;23/05/14;21;24;8;19;3;20;7;15;16;11;2;1;22;5;14
1060;26/05/14;17;7;20;13;4;14;16;8;2;15;1;5;22;23;21
1061;28/05/14;24;12;15;2;14;23;16;21;5;22;3;7;19;9;8
1062;30/05/14;8;7;13;4;9;16;23;17;3;19;15;11;5;25;20
1063;02/06/14;14;24;6;10;16;25;15;7;13;2;22;5;21;12;20
1064;04/06/14;15;25;9;7;11;10;14;2;24;8;16;18;19;21;3
1065;06/06/14;12;20;14;21;5;15;4;2;19;24;6;25;17;22;3
1066;09/06/14;10;24;6;16;21;5;4;22;14;11;17;19;2;18;23
1067;11/06/14;21;15;1;3;5;14;2;11;17;4;10;25;7;13;22
1068;13/06/14;24;20;18;10;14;17;11;13;21;15;16;6;2;22;7
1069;16/06/14;22;23;17;15;1;11;16;4;8;12;3;10;13;25;24
1070;18/06/14;9;22;18;23;4;20;25;11;13;19;12;10;21;16;24
1071;20/06/14;11;6;14;16;3;2;13;17;21;4;22;24;5;10;12
1072;23/06/14;2;4;7;22;23;25;14;17;20;3;13;1;5;15;9
1073;25/06/14;13;20;17;16;23;5;3;6;1;19;22;4;7;24;21
1074;27/06/14;9;10;8;25;13;11;17;22;23;24;21;1;4;7;20
1075;30/06/14;21;15;16;24;6;17;1;18;22;12;2;23;25;9;10
1076;02/07/14;18;15;12;11;20;13;17;9;16;25;4;14;21;10;22
1077;04/07/14;20;19;12;13;2;5;8;24;7;15;6;21;14;10;1
1078;07/07/14;23;13;6;24;11;25;2;10;21;7;18;17;5;4;9
1079;09/07/14;15;24;6;11;22;5;13;20;16;19;8;17;7;21;14
1080;11/07/14;5;14;3;17;12;21;2;16;10;6;23;22;15;25;11
1081;14/07/14;21;10;5;16;13;12;14;1;15;22;18;19;6;7;23
1082;16/07/14;24;10;9;19;11;7;23;16;3;18;17;21;13;22;15
1083;18/07/14;1;18;20;11;16;24;17;4;6;23;2;13;3;22;21
1084;21/07/14;7;4;24;25;17;18;1;6;21;13;9;5;3;2;10
1085;23/07/14;25;19;21;7;9;14;6;10;18;23;8;3;24;16;22
1086;25/07/14;19;7;24;21;12;15;5;17;2;13;18;4;10;22;23
1087;28/07/14;6;17;19;2;24;18;16;20;12;3;23;4;9;13;21
1088;30/07/14;6;19;12;22;7;3;1;2;18;10;5;13;9;20;23
1089;01/08/14;15;8;4;16;24;3;23;6;2;13;22;14;12;21;19
1090;04/08/14;11;22;15;9;5;21;14;20;24;18;13;3;10;8;17
1091;06/08/14;5;7;6;25;16;4;23;24;13;20;14;10;9;2;12
1092;08/08/14;25;4;24;5;20;9;14;22;8;11;13;12;15;18;19
1093;11/08/14;1;10;5;11;6;18;4;9;25;22;23;24;21;2;13
1094;13/08/14;22;5;16;10;3;2;9;8;14;1;4;6;12;19;25
1095;15/08/14;16;2;24;9;15;21;22;5;18;25;6;17;3;23;7
1096;18/08/14;25;12;8;4;22;20;13;23;2;7;10;14;21;15;1
1097;20/08/14;10;4;16;9;24;12;15;23;18;25;20;19;14;5;6
1098;22/08/14;11;14;12;7;25;24;23;16;3;10;15;4;18;8;5
1099;25/08/14;8;22;14;7;11;16;6;3;24;25;23;21;2;12;13
1100;27/08/14;24;16;7;11;14;18;6;10;23;20;5;19;9;15;12
1101;29/08/14;1;10;3;25;24;23;11;18;17;19;6;2;9;15;13
1102;07/09/14;3;20;18;6;8;2;19;15;23;24;21;14;22;12;5
1103;08/09/14;10;7;12;14;18;4;25;5;16;2;21;9;20;11;22
1104;10/09/14;15;9;14;2;21;6;19;18;11;8;23;22;13;16;5
1105;12/09/14;11;9;13;25;24;17;18;15;1;6;4;20;23;7;2
1106;15/09/14;11;10;15;24;19;3;12;14;23;2;13;16;4;21;9
1107;17/09/14;1;19;16;10;4;18;20;11;24;12;8;21;14;9;2
1108;19/09/14;12;17;25;22;21;8;14;2;1;5;7;13;24;9;4
1109;22/09/14;4;9;8;1;6;11;17;20;7;18;19;21;25;5;10
1110;24/09/14;25;1;15;10;9;2;3;4;6;20;24;22;19;17;18
1111;26/09/14;15;9;2;13;23;14;22;6;25;3;24;16;11;12;4
1112;29/09/14;17;16;20;7;2;22;15;8;12;1;24;6;3;18;13
1113;01/10/14;7;22;24;1;15;20;19;17;9;25;14;12;6;13;3
1114;03/10/14;20;5;8;18;12;6;22;4;11;10;19;1;15;2;3
1115;06/10/14;8;23;3;22;17;11;20;18;7;24;9;10;2;12;25
1116;08/10/14;1;6;9;5;25;22;12;21;2;4;15;18;3;17;24
1117;10/10/14;8;19;11;16;12;13;15;21;1;3;5;23;7;14;2
1118;13/10/14;24;11;5;14;1;13;8;15;25;10;2;21;23;6;20
1119;15/10/14;18;5;15;12;3;17;7;10;1;20;14;6;23;2;8
1120;17/10/14;5;9;10;13;8;24;19;4;2;18;17;14;16;12;6
1121;20/10/14;1;17;22;23;4;9;8;25;20;6;2;12;5;18;11
1122;22/10/14;16;3;21;7;11;12;13;2;19;24;10;25;14;20;23
1123;24/10/14;13;6;4;8;11;24;22;10;16;15;19;23;7;2;17
1124;27/10/14;6;22;13;12;24;3;15;1;5;19;4;25;21;10;8
1125;29/10/14;22;4;12;3;13;18;1;25;16;11;6;17;21;15;9
1126;31/10/14;16;13;25;7;3;12;22;24;17;19;8;5;18;23;6
1127;03/11/14;22;3;6;13;15;16;9;24;17;1;14;8;11;23;4
1128;05/11/14;3;7;10;1;11;2;24;16;14;4;25;6;17;20;12
1129;07/11/14;21;3;22;18;17;5;13;19;7;2;8;4;16;23;12
1130;10/11/14;2;5;1;12;8;22;15;13;25;14;20;17;10;11;24
1131;12/11/14;2;3;25;6;14;15;4;21;20;12;24;22;17;16;19
1132;14/11/14;17;22;1;23;12;7;9;8;14;11;21;6;2;13;24
1133;17/11/14;6;8;16;4;13;18;12;9;2;24;10;14;25;7;5
1134;19/11/14;10;2;17;13;14;23;11;4;20;1;25;18;8;12;15
1135;21/11/14;16;9;4;18;15;17;3;10;8;5;23;24;12;25;19
1136;24/11/14;6;22;10;1;19;11;24;7;9;17;5;15;2;18;21
1137;26/11/14;23;21;15;8;9;2;5;19;11;4;20;12;7;10;25
1138;28/11/14;13;1;21;7;20;22;11;6;5;3;16;2;18;15;10
1139;01/12/14;18;22;17;16;2;1;19;15;11;6;3;25;14;21;13
1140;03/12/14;24;21;3;20;15;4;10;19;7;8;23;5;6;18;25
1141;05/12/14;18;9;17;11;5;16;10;24;22;6;12;25;13;15;23
1142;08/12/14;24;22;10;20;9;23;16;15;12;7;8;13;19;4;2
1143;10/12/14;1;3;4;10;11;18;12;23;13;14;17;6;16;24;25
1144;12/12/14;4;24;25;7;6;18;2;8;23;17;10;19;3;14;13
1145;15/12/14;13;17;14;15;6;5;9;11;3;23;8;16;18;4;24
1146;17/12/14;24;17;2;7;13;21;4;3;11;22;25;15;19;5;18
1147;19/12/14;12;14;22;11;1;20;18;8;6;15;19;9;16;7;25
1148;22/12/14;5;17;3;24;6;14;19;1;13;16;10;4;18;9;20
1149;24/12/14;21;19;8;2;1;23;18;6;12;7;15;22;10;3;17
1150;26/12/14;12;11;20;13;9;18;7;17;23;22;5;8;24;15;14
1151;29/12/14;11;3;24;7;15;21;12;25;9;22;16;1;14;10;20
1152;31/12/14;10;19;3;18;4;20;22;8;9;16;7;5;25;12;21
1153;02/01/15;3;9;18;6;25;12;2;1;5;24;19;20;13;15;8
1154;05/01/15;3;15;4;25;17;1;11;21;13;16;10;5;24;19;23
1155;07/01/15;22;24;13;12;4;19;18;8;9;3;16;2;25;15;1
1156;09/01/15;3;1;22;15;13;25;21;12;11;24;17;4;14;6;7
1157;12/01/15;2;6;11;8;16;5;18;22;4;21;7;24;13;15;12
1158;14/01/15;3;2;13;15;19;25;16;10;22;20;7;5;17;24;14
1159;16/01/15;15;8;4;24;16;2;22;1;14;6;17;23;9;25;3
1160;19/01/15;7;17;6;4;22;18;10;16;11;5;25;15;8;2;21
1161;21/01/15;2;1;25;22;11;5;19;17;4;18;6;15;8;24;10
1162;23/01/15;19;21;3;13;25;11;15;20;1;18;23;9;7;4;24
1163;26/01/15;24;11;7;13;21;14;12;16;6;9;17;23;19;2;20
1164;28/01/15;4;5;15;20;8;17;10;3;23;21;11;24;13;22;25
1165;30/01/15;18;9;12;21;22;25;3;8;10;19;2;5;15;17;1
1166;02/02/15;19;2;17;14;10;20;21;6;15;12;5;18;24;9;4
1167;04/02/15;23;7;5;2;16;18;4;12;11;15;9;14;8;21;1
1168;06/02/15;16;25;24;4;8;11;19;13;23;1;5;9;7;10;3
1169;09/02/15;22;21;4;15;8;18;9;17;25;12;16;3;24;2;7
1170;11/02/15;10;1;18;4;8;15;13;22;20;2;21;7;16;25;19
1171;13/02/15;17;14;21;8;12;16;18;23;1;13;22;20;11;7;15
1172;18/02/15;24;11;8;20;10;12;25;9;13;23;19;16;6;14;2
1173;20/02/15;21;16;11;9;4;8;22;20;1;2;18;5;19;14;7
1174;23/02/15;5;15;3;11;6;10;1;13;2;23;18;19;9;8;17
1175;25/02/15;8;19;24;15;12;23;21;1;3;25;10;4;14;20;13
1176;27/02/15;5;7;16;19;25;15;12;23;2;20;13;11;3;10;18
1177;02/03/15;9;17;2;10;16;3;11;25;22;12;23;20;8;6;5
1178;04/03/15;20;4;16;19;1;17;11;7;9;18;24;8;23;12;21
1179;06/03/15;9;7;15;5;19;8;20;21;6;1;2;25;3;13;18
1180;09/03/15;9;10;22;11;7;23;2;13;19;6;20;1;14;15;8
1181;11/03/15;23;21;24;9;11;14;20;5;4;8;3;13;7;22;6
1182;13/03/15;21;8;16;6;18;10;20;13;22;7;12;24;25;3;19
1183;16/03/15;16;22;4;20;1;11;14;25;15;13;19;3;18;24;9
1184;18/03/15;6;21;19;25;16;18;4;2;11;14;20;17;12;7;10
1185;20/03/15;25;13;3;24;21;5;9;14;16;6;19;18;22;7;23
1186;23/03/15;14;4;5;24;20;22;6;9;15;23;2;16;11;1;18
1187;25/03/15;22;23;11;16;21;8;12;2;4;19;10;25;7;14;1
1188;27/03/15;2;6;23;5;10;18;24;1;14;8;13;22;20;12;4
1189;30/03/15;12;19;5;25;18;13;4;20;9;8;21;17;14;3;15
1190;01/04/15;23;9;21;17;10;25;14;2;3;4;15;16;22;11;6
1191;04/04/15;18;7;1;24;17;22;10;14;3;2;16;5;25;12;13
1192;06/04/15;15;20;5;16;19;9;21;2;6;12;1;3;13;4;11
1193;08/04/15;1;9;23;25;18;7;4;15;8;14;10;20;19;22;13
1194;10/04/15;23;12;10;2;18;9;8;16;22;19;25;24;15;17;4
1195;13/04/15;10;5;12;11;17;1;22;20;15;6;19;14;25;18;9
1196;15/04/15;12;4;17;9;20;8;23;16;11;1;6;2;7;19;18
1197;17/04/15;17;14;8;13;5;18;4;7;1;24;25;6;20;16;11
1198;20/04/15;23;6;3;1;15;11;7;21;10;4;25;17;9;20;22
1199;22/04/15;4;25;2;21;6;1;10;24;22;14;15;5;16;3;19
1200;24/04/15;16;6;10;14;8;22;7;5;11;12;24;25;4;15;3
1201;27/04/15;22;16;19;9;10;25;14;20;11;21;24;18;23;6;5
1202;29/04/15;10;4;17;2;3;18;23;16;8;25;24;14;13;20;19
1203;02/05/15;2;23;6;1;17;24;12;11;5;25;14;3;13;22;15
1204;04/05/15;9;22;15;23;1;5;20;12;2;21;19;8;13;7;16
1205;06/05/15;18;11;20;25;3;8;1;17;21;24;22;12;9;14;6
1206;08/05/15;11;7;1;21;23;25;15;5;3;24;14;22;18;13;10
1207;11/05/15;21;3;13;9;15;12;1;11;19;18;14;24;10;4;7
1208;13/05/15;20;14;19;15;25;5;24;22;10;3;1;11;4;18;2
1209;15/05/15;9;4;5;19;3;14;15;18;20;7;10;24;8;16;11
1210;18/05/15;13;22;25;19;21;11;15;20;1;2;16;8;10;18;4
1211;20/05/15;17;2;7;23;3;16;10;11;20;24;12;15;5;1;13
1212;22/05/15;9;2;17;1;6;7;18;24;3;20;10;8;5;16;15
1213;25/05/15;25;17;10;20;7;5;18;9;14;24;8;3;2;6;23
1214;27/05/15;23;19;20;13;4;21;5;2;7;9;18;1;14;3;8
1215;29/05/15;14;21;15;18;20;3;9;24;13;22;12;17;7;11;16
1216;01/06/15;18;15;2;17;10;24;14;20;1;21;22;12;3;23;7
1217;03/06/15;12;10;11;13;17;1;9;19;25;3;8;20;7;6;24
1218;05/06/15;11;2;21;5;13;18;3;7;9;14;23;10;20;4;1
1219;08/06/15;5;23;6;8;25;22;10;9;2;14;3;16;4;19;20
1220;10/06/15;23;3;20;18;7;14;4;6;13;17;25;19;5;2;9
1221;12/06/15;10;22;3;24;18;19;15;2;12;6;9;23;14;4;21
1222;15/06/15;9;4;13;15;2;20;8;5;22;24;3;11;10;1;17
1223;17/06/15;22;18;21;14;20;6;8;17;23;7;10;2;16;9;13
1224;19/06/15;19;8;2;12;1;15;18;4;14;5;16;6;17;11;9
1225;22/06/15;24;20;2;5;15;7;3;23;17;25;18;14;13;11;21
1226;24/06/15;8;23;24;10;7;15;22;14;1;11;19;21;5;17;3
1227;26/06/15;25;10;11;21;14;1;19;7;9;13;12;8;2;17;22
1228;29/06/15;7;9;4;12;3;10;1;2;17;23;6;22;24;13;20
1229;01/07/15;14;17;20;7;3;25;19;5;8;22;2;6;1;24;13
1230;03/07/15;19;17;8;11;21;7;12;5;6;18;1;10;13;2;3
1231;06/07/15;22;7;12;1;13;25;3;20;5;4;15;8;16;21;18
1232;08/07/15;15;25;5;24;13;23;3;10;6;19;9;16;14;21;2
1233;10/07/15;16;5;1;9;4;15;18;25;17;23;22;19;14;10;13
1234;13/07/15;10;18;1;19;24;2;17;5;25;14;9;16;20;21;8
1235;15/07/15;13;12;6;4;10;24;11;2;18;20;17;15;3;1;9
1236;17/07/15;2;9;25;23;6;5;1;3;11;17;19;12;10;7;13
1237;20/07/15;22;12;24;3;14;25;21;8;6;10;5;9;7;18;13
1238;22/07/15;17;14;5;15;18;11;2;9;13;16;3;21;25;8;7
1239;24/07/15;14;24;16;12;9;15;10;18;8;11;20;6;22;13;5
1240;27/07/15;18;22;13;24;16;1;20;5;6;4;9;19;12;2;3
1241;29/07/15;1;10;25;9;15;4;17;8;11;5;12;20;24;22;13
1242;31/07/15;24;14;20;1;7;15;16;5;4;25;2;19;23;11;21
1243;03/08/15;4;25;17;14;5;1;8;2;16;15;13;12;22;24;6
1244;05/08/15;16;19;10;7;17;3;12;13;1;23;11;21;5;9;25
1245;07/08/15;21;6;25;16;5;9;18;19;3;11;8;15;17;4;2
1246;10/08/15;19;24;8;18;13;10;17;22;7;1;12;16;9;4;25
1247;12/08/15;11;24;19;15;25;20;3;9;8;16;7;2;17;18;23
1248;14/08/15;22;19;17;24;15;20;1;5;25;13;12;10;16;11;3
1249;17/08/15;18;14;5;19;9;25;12;3;13;22;24;4;15;6;20
1250;19/08/15;25;24;10;15;5;9;19;3;17;2;7;18;14;20;4
1251;21/08/15;25;21;10;6;14;8;16;15;9;17;20;2;23;7;19
1252;24/08/15;10;21;12;3;9;24;23;4;1;15;5;11;20;8;6
1253;26/08/15;16;20;1;18;15;7;3;23;11;2;6;25;24;5;22
1254;28/08/15;17;14;15;22;16;8;9;21;11;23;2;20;12;18;3
1255;08/09/15;14;13;2;6;4;25;16;1;9;21;20;7;23;18;10
1256;09/09/15;13;11;6;18;19;23;1;15;12;22;8;10;2;14;16
1257;11/09/15;1;10;13;19;8;2;22;6;20;14;12;5;11;25;16
1258;14/09/15;6;2;10;21;4;20;9;13;12;8;3;5;23;25;14
1259;16/09/15;18;20;23;13;2;17;9;5;10;14;8;22;19;16;25
1260;18/09/15;6;15;4;24;2;22;7;18;14;11;20;3;1;5;17
1261;21/09/15;5;17;12;25;20;4;18;10;21;16;19;15;7;1;22
1262;23/09/15;22;4;12;11;23;1;21;6;24;16;13;3;17;20;8
1263;25/09/15;9;8;20;22;11;16;12;5;23;13;4;3;25;18;10
1264;28/09/15;23;4;11;12;22;25;5;14;8;1;21;17;24;10;18
1265;30/09/15;25;13;23;4;16;22;1;11;3;14;19;15;7;2;24
1266;02/10/15;20;15;23;8;3;11;6;14;13;2;1;5;24;9;10
1267;05/10/15;18;7;5;3;17;12;9;6;15;2;16;22;25;13;11
1268;07/10/15;18;1;11;7;21;24;13;15;3;2;8;22;17;12;6
1269;09/10/15;11;14;22;7;13;5;17;18;21;23;8;4;16;20;1
1270;13/10/15;5;3;23;8;25;2;10;1;13;11;6;4;21;9;20
1271;14/10/15;8;25;2;6;14;13;24;4;17;12;1;23;9;11;18
1272;16/10/15;21;15;4;14;9;25;20;18;23;10;17;1;24;19;7
1273;19/10/15;1;18;22;8;13;3;6;24;5;15;14;11;12;20;19
1274;21/10/15;18;25;14;22;1;15;7;20;8;3;13;11;10;12;19
1275;23/10/15;14;17;18;7;13;15;20;6;16;23;8;11;10;25;3
1276;26/10/15;19;14;21;3;22;16;15;23;18;7;1;5;10;12;24
1277;28/10/15;18;22;4;17;25;3;12;13;21;15;9;6;2;1;10
1278;30/10/15;21;24;18;19;20;7;22;9;4;16;17;15;10;6;12
1279;03/11/15;8;16;21;12;14;18;3;9;11;4;19;1;23;7;13
1280;04/11/15;19;25;23;22;14;7;24;3;17;1;11;5;9;15;4
1281;06/11/15;23;13;3;24;21;22;5;12;6;15;9;25;19;1;8
1282;09/11/15;21;7;12;6;11;19;20;17;5;14;10;9;22;25;23
1283;11/11/15;13;17;18;16;8;10;15;9;22;7;12;2;23;6;11
1284;13/11/15;13;23;18;16;8;17;11;5;10;7;22;25;20;2;4
1285;16/11/15;7;15;18;6;16;1;24;17;10;12;25;20;11;22;2
1286;18/11/15;23;12;21;16;11;20;19;10;1;4;3;25;17;7;5
1287;20/11/15;22;21;24;4;13;19;11;3;9;25;6;5;17;18;23
1288;23/11/15;13;5;20;2;18;24;23;1;9;10;19;25;16;15;17
1289;25/11/15;2;7;25;1;22;17;18;24;13;8;5;11;15;16;20
1290;27/11/15;25;23;11;16;3;13;6;14;20;4;21;5;22;1;19
1291;30/11/15;24;15;19;10;21;18;12;16;6;20;8;11;1;13;7
1292;02/12/15;23;24;17;8;2;25;10;22;15;1;3;7;11;19;14
1293;04/12/15;22;24;20;11;17;9;1;2;7;13;18;15;12;8;10
1294;07/12/15;13;8;16;18;12;14;11;20;2;23;5;7;25;10;6
1295;09/12/15;10;11;12;19;24;15;6;18;25;9;23;14;17;13;3
1296;11/12/15;23;7;18;10;20;15;17;9;5;14;11;25;19;16;21
1297;14/12/15;6;11;18;12;9;8;22;1;5;17;10;19;2;16;7
1298;16/12/15;24;4;25;20;6;18;22;12;17;9;23;3;2;21;7
1299;18/12/15;8;20;5;13;23;3;22;1;11;25;18;17;19;7;21
1300;21/12/15;25;10;24;14;9;15;13;23;20;11;6;18;2;12;7
1301;23/12/15;24;1;25;7;19;4;14;6;10;9;22;3;16;17;2
1302;26/12/15;22;12;3;20;14;17;9;16;13;25;18;4;6;11;15
1303;28/12/15;8;1;19;18;11;15;22;5;20;9;23;13;14;16;10
1304;30/12/15;8;20;13;10;18;7;1;19;25;2;17;11;14;21;3
1305;02/01/16;13;7;4;15;20;12;17;8;2;6;25;23;11;5;3
1306;04/01/16;2;22;13;15;14;6;9;23;19;18;5;20;1;7;12
1307;06/01/16;15;10;13;18;14;8;23;20;6;3;21;16;12;4;9
1308;08/01/16;16;11;6;19;17;14;9;22;25;8;20;7;23;5;3
1309;11/01/16;19;13;12;24;4;14;16;5;10;18;2;6;25;8;20
1310;13/01/16;23;19;10;4;17;8;18;15;5;1;21;7;3;2;11
1311;15/01/16;10;12;17;5;11;3;18;14;6;15;20;25;8;2;23
1312;18/01/16;25;18;4;11;19;1;20;2;9;6;13;24;23;7;5
1313;20/01/16;25;8;17;23;24;10;21;22;20;1;4;16;13;15;11
1314;22/01/16;14;24;19;16;10;22;25;18;5;15;8;11;3;21;9
1315;25/01/16;12;19;23;11;5;18;1;8;4;3;2;25;16;10;14
1316;27/01/16;20;12;23;25;1;24;6;17;2;4;3;19;5;15;11
1317;29/01/16;25;9;1;11;8;10;3;16;24;7;20;23;22;5;14
1318;01/02/16;12;23;17;8;14;6;9;4;1;3;13;2;20;7;15
1319;03/02/16;5;19;15;14;22;25;6;11;9;3;17;23;8;10;13
1320;05/02/16;17;5;16;22;23;4;11;21;9;12;15;3;13;2;25
1321;10/02/16;4;20;10;3;23;6;13;24;9;11;14;2;18;7;19
1322;12/02/16;21;9;15;25;6;7;18;8;24;17;16;2;13;11;1
1323;15/02/16;19;23;6;5;1;11;4;14;20;9;10;13;21;17;22
1324;17/02/16;4;11;1;10;8;19;18;24;21;13;17;6;25;5;7
1325;19/02/16;21;18;9;10;2;7;5;14;3;20;15;6;16;25;19
1326;22/02/16;9;6;21;17;22;25;1;24;8;3;4;10;19;20;18
1327;24/02/16;3;7;16;25;20;23;10;22;1;5;18;17;4;14;13
1328;26/02/16;16;15;10;5;22;23;24;13;21;8;6;9;25;2;17
1329;29/02/16;23;3;2;15;4;11;25;18;10;13;5;16;24;22;7
1330;02/03/16;17;20;10;5;12;23;22;24;4;25;16;18;19;13;7
1331;04/03/16;1;5;11;23;10;6;25;16;7;24;2;15;14;18;3
1332;07/03/16;21;16;11;13;18;8;24;12;4;14;6;20;5;15;1
1333;09/03/16;10;17;9;20;22;8;3;5;11;4;24;18;7;14;12
1334;11/03/16;10;15;11;4;19;3;9;17;18;21;13;16;6;22;7
1335;14/03/16;3;10;18;11;17;23;24;1;9;7;6;4;16;25;13
1336;16/03/16;6;9;20;12;19;10;14;13;8;24;15;18;11;17;22
1337;18/03/16;6;23;5;10;13;3;16;12;21;8;1;25;19;9;15
1338;21/03/16;16;7;6;17;1;13;14;4;10;19;11;3;15;12;2
1339;23/03/16;11;8;24;13;14;3;16;5;2;21;23;4;6;7;20
1340;26/03/16;10;13;16;9;19;5;18;4;12;7;14;17;22;1;2
1341;28/03/16;24;21;3;16;10;1;23;8;20;4;17;14;9;15;13
1342;30/03/16;12;21;5;23;10;13;1;24;25;9;15;3;2;20;11
1343;01/04/16;5;15;10;16;13;17;23;9;19;11;14;4;24;21;2
1344;04/04/16;6;17;25;21;8;18;23;11;13;2;7;10;4;24;12
1345;06/04/16;10;14;3;15;22;11;7;1;19;24;21;25;9;8;17
1346;08/04/16;19;10;2;18;3;8;14;15;7;23;5;21;20;25;11
1347;11/04/16;3;8;6;14;20;13;7;23;17;24;12;1;18;10;5
1348;13/04/16;7;24;8;14;15;21;1;18;2;20;6;22;25;9;10
1349;15/04/16;12;18;16;7;5;19;14;2;25;4;3;6;8;21;24
1350;18/04/16;9;23;11;19;12;20;8;6;21;13;18;1;5;16;14
1351;20/04/16;7;13;6;25;23;17;2;24;10;21;20;11;4;22;19
1352;22/04/16;16;11;15;19;24;13;20;6;25;10;23;8;14;21;12
1353;25/04/16;14;8;21;24;5;18;3;9;25;10;23;12;22;11;7
1354;27/04/16;1;12;20;9;7;11;3;2;24;13;21;15;18;5;14
1355;29/04/16;2;4;7;15;20;16;24;3;21;1;22;8;18;6;11
1356;02/05/16;11;6;15;12;20;8;3;16;14;19;4;13;17;10;9
1357;04/05/16;22;9;21;7;12;15;23;13;3;17;10;11;18;20;8
1358;06/05/16;2;23;8;15;1;3;6;20;22;4;13;18;9;17;19
1359;09/05/16;18;11;9;13;5;3;17;7;14;8;15;16;20;23;21
1360;11/05/16;14;5;24;6;12;20;4;11;10;8;2;3;18;23;1
1361;13/05/16;5;14;11;19;4;25;18;15;20;12;23;17;13;1;16
1362;16/05/16;13;6;9;22;12;1;4;3;25;21;24;11;10;23;16
1363;18/05/16;12;7;14;16;15;17;5;10;19;20;22;13;21;9;23
1364;20/05/16;6;17;22;15;9;13;10;12;20;18;16;25;24;1;11
1365;23/05/16;22;25;23;15;21;19;6;14;12;2;24;3;20;9;10
1366;25/05/16;15;24;8;21;22;9;12;14;25;13;16;10;11;17;4
1367;27/05/16;14;7;23;4;2;5;3;6;20;15;17;18;16;9;24
1368;30/05/16;23;16;24;20;18;7;10;5;19;25;22;11;8;14;12
1369;01/06/16;18;5;4;11;24;22;10;14;9;12;3;13;16;17;21
1370;03/06/16;11;2;17;24;22;21;18;14;20;5;7;8;13;25;4
1371;06/06/16;25;22;5;15;20;19;3;13;21;24;18;23;17;4;7
1372;08/06/16;23;3;17;13;2;21;9;18;7;16;1;25;15;10;5
1373;10/06/16;5;4;6;18;17;7;3;20;24;8;12;2;21;23;1
1374;13/06/16;9;4;19;23;15;3;2;5;16;6;10;14;20;25;21
1375;15/06/16;18;20;24;15;25;11;14;23;6;9;22;16;1;10;5
1376;17/06/16;12;6;3;15;18;19;22;13;14;16;5;20;24;4;1
1377;20/06/16;10;15;5;19;12;1;6;9;25;13;17;8;20;22;21
1378;22/06/16;19;6;2;25;8;1;20;24;21;10;17;23;3;12;13
1379;24/06/16;17;7;14;2;18;5;10;1;12;4;15;22;21;9;8
1380;27/06/16;15;21;8;3;5;16;25;4;24;6;14;11;22;12;17
1381;29/06/16;18;16;14;9;1;8;21;12;25;19;17;6;10;4;13
1382;01/07/16;24;19;10;21;15;6;16;12;13;20;1;22;17;14;18
1383;04/07/16;22;2;25;15;16;7;8;17;14;24;9;21;13;6;20
1384;06/07/16;11;9;15;12;19;8;18;6;4;3;13;25;22;24;20
1385;08/07/16;19;12;23;18;4;10;17;14;8;9;5;13;20;15;11
1386;11/07/16;9;1;16;22;4;18;7;3;24;17;25;13;2;21;19
1387;13/07/16;16;24;4;11;12;5;7;9;6;14;1;3;18;13;15
1388;15/07/16;25;11;10;15;5;19;8;12;3;21;7;18;1;23;20
1389;18/07/16;20;8;15;2;18;17;6;5;1;10;12;4;14;16;21
1390;20/07/16;14;3;15;5;20;18;13;6;7;16;8;11;21;17;23
1391;22/07/16;3;15;16;21;5;24;1;25;19;11;6;10;12;20;17
1392;25/07/16;14;9;3;15;21;16;8;18;25;2;22;1;17;20;4
1393;27/07/16;9;3;11;20;22;23;13;14;10;7;18;5;17;12;4
1394;29/07/16;9;11;15;5;23;3;4;18;19;10;16;6;21;22;14
1395;01/08/16;17;22;16;12;23;25;6;13;19;8;7;18;11;5;14
1396;03/08/16;13;17;23;12;25;20;7;22;3;18;19;24;10;6;5
1397;05/08/16;11;1;25;18;13;22;14;21;6;9;8;3;12;5;4
1398;08/08/16;24;8;5;16;14;21;7;11;15;20;4;25;19;6;1
1399;10/08/16;12;25;9;4;6;21;8;19;13;24;22;5;15;14;17
1400;12/08/16;19;21;23;9;22;2;12;25;24;3;10;5;6;16;1
1401;15/08/16;4;8;22;25;21;14;3;24;1;5;19;7;15;6;18
1402;17/08/16;3;19;2;15;14;8;11;21;9;5;16;23;12;4;20
1403;19/08/16;17;21;5;16;8;11;23;4;15;12;25;13;3;9;10
1404;22/08/16;22;25;1;2;3;16;15;18;21;13;19;10;4;8;11
1405;24/08/16;24;9;20;11;18;23;14;19;4;2;10;15;16;3;7
1406;26/08/16;15;24;13;6;5;9;2;21;4;22;20;25;3;11;19
1407;29/08/16;5;24;20;10;25;1;6;22;2;12;13;23;7;4;21
1408;06/09/16;13;1;3;24;10;19;14;23;12;21;25;22;5;11;8
1409;09/09/16;4;17;7;8;2;6;14;1;12;16;25;22;11;24;19
1410;12/09/16;9;7;23;4;2;5;6;10;15;16;17;20;21;3;14
1411;14/09/16;9;5;13;23;1;17;21;14;8;12;16;7;10;6;15
1412;16/09/16;18;5;11;22;15;24;16;21;23;7;25;19;13;6;9
1413;19/09/16;17;5;16;4;2;6;9;10;13;21;18;3;7;8;25
1414;21/09/16;3;4;11;13;23;2;9;7;20;14;21;10;5;16;17
1415;23/09/16;25;18;6;17;24;13;19;2;12;4;23;15;10;22;5
1416;26/09/16;8;14;12;15;7;17;18;20;10;24;4;9;5;19;3
1417;28/09/16;4;19;11;14;1;7;13;15;3;9;2;6;18;22;23
1418;30/09/16;21;2;13;14;9;6;11;23;20;15;4;18;10;22;17
1419;03/10/16;7;18;23;15;6;16;12;17;21;24;3;19;20;11;2
1420;05/10/16;13;6;1;15;16;25;17;4;22;14;8;10;23;7;20
1421;07/10/16;6;24;9;19;18;3;11;7;20;17;5;8;12;23;14
1422;10/10/16;11;16;14;15;7;19;22;5;13;17;23;10;4;24;1
1423;14/10/16;2;7;19;8;1;13;12;11;4;22;15;23;16;5;14
1424;17/10/16;11;2;20;13;18;25;4;17;5;23;21;10;8;6;9
1425;19/10/16;16;9;3;11;4;13;5;14;12;21;1;19;20;8;25
1426;21/10/16;10;2;14;16;4;3;18;23;8;12;22;7;15;25;24
1427;24/10/16;18;17;15;1;14;16;20;2;25;12;11;22;10;19;7
1428;26/10/16;22;13;17;2;6;9;5;18;3;8;21;20;4;25;19
1429;28/10/16;15;19;25;20;14;13;16;18;8;9;7;10;5;12;21
1430;31/10/16;1;20;4;16;23;8;21;7;22;13;5;25;3;9;15
1431;04/11/16;16;14;9;8;19;20;10;23;12;2;1;15;25;7;17
1432;07/11/16;25;17;4;24;18;11;23;12;3;1;16;5;20;21;10
1433;09/11/16;16;14;23;9;22;6;20;12;15;25;3;7;10;24;18
1434;11/11/16;4;13;6;3;5;9;7;22;18;24;23;10;12;19;15
1435;14/11/16;4;17;5;20;1;10;6;16;2;19;23;3;9;21;12
1436;16/11/16;5;6;19;3;23;24;2;1;8;18;11;22;12;17;15
1437;18/11/16;7;9;19;4;6;25;2;8;11;23;14;5;20;13;17
1438;21/11/16;1;10;8;21;4;24;11;17;15;14;7;9;20;12;22
1439;23/11/16;14;12;11;5;3;15;16;2;22;24;17;19;1;18;13
1440;25/11/16;12;3;20;22;17;18;8;10;21;25;14;2;13;24;16
1441;28/11/16;22;9;1;16;6;5;4;11;19;10;25;13;23;3;7
1442;30/11/16;1;12;15;16;20;11;9;21;3;2;19;13;7;17;4
1443;02/12/16;16;10;7;2;17;1;8;14;11;5;24;9;12;15;3
1444;05/12/16;24;18;6;10;2;17;4;9;11;20;5;21;14;1;15
1445;07/12/16;8;6;15;20;13;4;5;1;18;25;23;16;17;10;22
1446;09/12/16;13;22;17;4;21;25;23;20;12;24;1;16;8;7;6
1447;12/12/16;25;5;13;17;4;21;19;3;24;12;22;8;11;1;18
1448;14/12/16;23;24;5;21;1;19;4;18;6;13;8;3;22;12;16
1449;16/12/16;23;7;6;20;4;9;16;8;3;22;11;15;5;1;24
1450;19/12/16;13;16;20;5;14;17;8;24;2;19;4;22;1;10;9
1451;21/12/16;5;24;3;12;13;14;20;23;25;19;10;21;1;15;2
1452;23/12/16;8;25;17;2;10;11;7;14;20;24;13;21;5;15;23
1453;26/12/16;2;8;13;15;1;24;19;25;5;23;16;14;21;9;10
1454;28/12/16;10;22;1;25;3;18;21;19;13;14;12;4;23;20;7
1455;30/12/16;15;23;20;2;17;21;16;14;7;5;19;18;22;8;25
1456;02/01/17;8;13;20;6;25;19;15;12;1;7;2;14;24;9;21
1457;04/01/17;14;23;8;15;4;2;9;1;18;10;3;13;7;24;11
1458;06/01/17;20;11;17;18;7;3;1;22;24;19;9;5;2;23;14
1459;09/01/17;12;6;14;16;25;1;18;13;24;4;19;9;17;10;20
1460;11/01/17;17;16;11;7;18;14;20;3;21;1;19;5;15;24;25
1461;13/01/17;9;10;21;24;5;4;17;2;19;18;25;15;6;23;11
1462;16/01/17;9;14;17;12;1;21;3;7;20;4;16;5;25;13;24
1463;18/01/17;23;7;11;20;10;4;22;15;6;17;19;13;3;24;14
1464;20/01/17;23;11;9;12;16;17;24;13;4;15;14;18;10;1;22
1465;23/01/17;24;12;19;10;8;16;23;9;22;21;5;7;20;14;2
1466;25/01/17;10;12;3;6;14;11;24;2;21;23;19;20;25;22;4
1467;27/01/17;9;10;25;20;19;22;12;21;6;4;1;5;24;11;23
1468;30/01/17;20;19;5;13;12;3;23;8;24;21;18;14;6;11;2
1469;01/02/17;5;16;6;3;8;11;7;9;2;13;20;19;18;1;17
1470;03/02/17;14;21;23;3;12;18;24;7;22;15;20;13;11;8;2
1471;06/02/17;8;18;13;4;10;7;15;6;22;11;2;21;20;1;24
1472;08/02/17;14;18;8;10;4;24;22;13;7;12;2;5;23;3;21
1473;10/02/17;20;4;8;7;12;14;25;22;23;16;5;10;1;9;24
1474;13/02/17;8;20;7;1;18;15;14;2;13;19;21;5;10;11;25
1475;15/02/17;24;15;18;13;2;20;3;1;21;9;6;10;25;12;5
1476;17/02/17;4;14;19;9;10;13;16;7;25;21;2;6;12;5;22
1477;20/02/17;21;23;7;4;5;2;10;3;1;12;22;15;17;6;18
1478;22/02/17;6;21;12;15;25;19;7;10;17;11;2;24;16;5;18
1479;24/02/17;13;15;18;22;3;9;17;5;23;6;14;20;16;2;11
1480;01/03/17;6;25;16;10;12;22;11;20;1;7;13;21;17;15;19
1481;03/03/17;25;11;23;7;2;20;18;8;9;3;24;21;17;19;5
1482;06/03/17;12;23;7;2;9;8;11;24;1;4;15;10;19;5;14
1483;08/03/17;6;3;20;5;17;21;9;15;14;13;11;7;23;4;22
1484;10/03/17;17;2;6;18;22;7;21;19;3;25;4;1;9;12;10
1485;13/03/17;5;24;17;1;11;2;15;23;13;18;3;25;9;19;8
1486;15/03/17;22;9;8;18;14;12;2;21;25;4;5;10;23;20;19
1487;17/03/17;21;15;3;19;25;5;22;6;4;12;1;2;11;10;16
1488;20/03/17;19;23;21;11;25;24;10;6;20;5;12;1;4;13;16
1489;22/03/17;25;12;14;22;20;19;2;7;9;15;23;4;8;10;13
1490;24/03/17;5;22;19;4;20;15;11;9;18;7;3;1;14;8;13
1491;27/03/17;20;14;2;13;23;9;19;11;5;7;25;6;24;4;22
1492;29/03/17;15;3;5;25;8;4;19;18;12;10;16;24;7;17;2
1493;31/03/17;10;19;14;24;25;21;2;13;20;11;16;23;5;15;8
1494;03/04/17;2;9;13;11;3;20;19;4;25;15;10;22;12;17;1
1495;05/04/17;13;23;24;5;3;22;10;2;18;4;14;25;8;1;12
1496;07/04/17;7;13;9;25;23;17;3;10;2;19;6;20;15;11;12
1497;10/04/17;22;5;12;7;11;2;19;14;13;18;23;17;1;15;16
1498;12/04/17;16;25;14;17;7;23;10;5;15;18;11;4;21;8;24
1499;15/04/17;15;23;12;2;4;5;3;14;13;24;18;8;7;1;19
1500;17/04/17;3;13;2;22;7;15;20;5;10;1;17;11;18;12;19
1501;19/04/17;10;1;8;6;13;25;9;21;22;7;11;17;16;24;18
1502;22/04/17;4;18;22;3;17;13;15;11;24;2;12;5;20;7;1
1503;24/04/17;22;12;7;3;16;17;2;21;20;25;18;23;15;1;24
1504;26/04/17;11;25;24;21;18;19;23;7;8;17;1;12;14;5;4
1505;28/04/17;7;25;16;2;24;19;20;11;3;1;6;14;22;18;17
1506;03/05/17;3;13;5;8;22;10;19;9;14;17;24;4;21;18;20
1507;05/05/17;5;14;10;11;17;4;19;13;24;3;1;8;23;2;21
1508;08/05/17;7;23;3;22;14;9;24;11;19;10;8;17;1;21;12
1509;10/05/17;22;2;24;3;17;14;15;19;7;8;6;13;1;18;9
1510;12/05/17;15;3;7;11;13;12;18;24;10;4;8;9;22;1;19
1511;15/05/17;23;9;12;11;24;2;8;21;20;10;5;4;19;15;13
1512;17/05/17;3;21;22;16;17;15;13;12;19;2;6;4;24;10;11
1513;19/05/17;18;6;16;24;4;9;11;22;10;3;13;12;21;14;7
1514;22/05/17;11;21;20;8;19;16;3;4;24;5;13;15;12;17;7
1515;24/05/17;3;1;19;12;9;5;13;11;17;20;16;23;8;18;2
1516;26/05/17;18;11;24;14;12;1;16;2;23;19;10;22;7;20;6
1517;29/05/17;25;3;18;23;5;12;11;2;8;21;15;24;10;14;20
1518;31/05/17;12;2;7;3;11;20;24;4;14;17;25;16;5;22;8
1519;02/06/17;23;18;24;21;17;22;1;16;6;20;13;8;4;14;25
1520;05/06/17;16;13;12;4;19;8;14;25;2;9;17;1;24;18;10
1521;07/06/17;4;19;14;23;8;20;12;24;5;17;3;2;7;1;15
1522;09/06/17;19;13;9;11;16;21;8;23;18;1;10;14;24;20;15
1523;12/06/17;19;9;3;5;6;21;13;7;23;16;25;14;10;12;18
1524;14/06/17;20;8;9;5;13;3;6;22;23;24;7;1;25;14;10
1525;16/06/17;1;25;8;15;4;19;22;21;12;14;18;2;20;10;5
1526;19/06/17;8;11;10;18;21;7;17;25;13;20;15;23;22;5;9
1527;21/06/17;14;10;9;3;2;15;25;22;5;21;1;24;20;6;7
1528;23/06/17;21;18;23;8;9;1;5;20;2;6;10;24;17;25;4
1529;26/06/17;19;21;8;5;3;20;24;4;11;13;16;18;17;14;2
1530;28/06/17;7;15;5;4;2;22;12;9;20;10;24;18;23;14;16
1531;30/06/17;22;13;11;23;1;3;24;4;15;8;14;19;10;2;7
1532;03/07/17;1;25;13;3;17;12;22;9;10;8;20;18;11;2;14
1533;05/07/17;1;19;4;15;14;16;11;6;20;7;21;13;3;12;24
1534;07/07/17;10;11;9;4;5;21;17;13;24;16;8;1;12;19;14
1535;10/07/17;15;22;7;8;5;17;25;3;24;4;18;23;13;12;21
1536;12/07/17;3;9;12;13;20;6;1;19;25;7;10;8;5;23;11
1537;14/07/17;18;22;20;21;24;13;14;17;4;10;3;11;1;15;2
1538;17/07/17;21;13;8;19;23;10;15;2;18;7;5;17;9;14;4
1539;19/07/17;4;16;21;13;20;14;18;12;17;19;8;1;3;25;11
1540;21/07/17;22;10;23;15;2;9;11;7;19;3;14;16;17;1;12
1541;24/07/17;18;19;3;20;2;11;13;4;25;22;15;5;21;7;14
1542;26/07/17;16;7;11;24;17;2;10;8;22;3;5;21;20;13;15
1543;28/07/17;13;7;9;12;25;23;6;19;20;8;24;2;15;17;1
1544;31/07/17;9;12;22;24;8;17;23;2;11;14;16;4;7;1;21
1545;02/08/17;16;20;7;17;11;3;8;23;10;15;12;22;5;25;24
1546;04/08/17;20;22;1;25;3;8;15;19;11;14;18;10;6;24;7
1547;07/08/17;17;8;25;19;11;6;18;13;21;5;9;2;1;15;10
1548;09/08/17;4;11;9;14;2;10;18;3;17;15;21;20;22;23;12
1549;11/08/17;1;5;13;11;23;10;3;18;7;24;20;2;8;25;4
1550;14/08/17;14;20;24;8;17;22;23;4;13;16;15;3;5;7;25
1551;16/08/17;1;7;5;14;17;22;20;23;25;13;3;19;15;11;8
1552;18/08/17;19;24;21;7;14;15;12;22;8;3;2;16;25;9;20
1553;21/08/17;19;11;4;12;22;17;21;8;18;2;1;13;15;9;25
1554;23/08/17;14;3;8;5;13;16;7;1;18;10;9;24;25;19;4
1555;25/08/17;23;10;12;22;9;16;20;14;6;25;13;18;2;1;8
1556;28/08/17;1;15;19;6;8;23;16;12;21;5;17;2;25;3;22
1557;07/09/17;5;6;3;9;16;24;21;17;20;25;18;4;12;2;22
1558;11/09/17;18;25;5;15;9;21;14;1;11;16;17;2;22;6;4
1559;13/09/17;7;16;25;19;23;6;18;20;5;4;11;14;9;3;10
1560;15/09/17;2;1;24;17;18;8;3;4;20;9;7;11;25;5;14
1561;18/09/17;7;20;22;16;6;15;8;12;13;21;25;18;3;5;24
1562;20/09/17;8;2;12;17;6;14;18;9;3;7;16;5;4;11;1
1563;22/09/17;23;12;9;20;5;17;18;1;3;6;13;2;21;22;10
1564;25/09/17;18;16;17;21;6;8;24;9;12;3;20;11;19;13;4
1565;27/09/17;25;13;3;18;10;24;6;17;12;1;11;9;7;15;8
1566;29/09/17;7;1;24;19;13;23;14;4;9;15;5;2;16;25;8
1567;02/10/17;11;19;14;3;21;7;9;10;18;2;24;12;17;15;5
1568;04/10/17;4;22;10;1;19;13;7;3;2;6;17;24;11;21;16
1569;06/10/17;12;16;4;13;24;21;2;23;10;20;18;9;14;8;25
1570;09/10/17;20;7;11;3;16;1;19;13;18;9;24;8;25;23;21
1571;11/10/17;19;1;3;17;14;6;24;11;7;5;18;4;23;25;12
1572;13/10/17;24;9;23;19;5;21;16;8;13;10;22;4;6;18;2
1573;16/10/17;19;18;17;11;23;6;8;2;10;13;7;12;14;15;16
1574;18/10/17;7;6;12;1;3;15;21;17;14;5;2;10;11;22;18
1575;20/10/17;17;16;22;9;12;11;1;23;5;3;10;25;14;7;6
1576;23/10/17;25;15;11;18;2;12;5;9;1;21;14;8;20;7;16
1577;25/10/17;18;17;24;7;11;10;6;3;16;9;19;5;13;21;15
1578;27/10/17;13;12;22;9;8;4;21;18;6;17;24;16;10;19;14
1579;30/10/17;16;1;21;23;15;2;22;14;18;10;13;12;7;4;6
1580;01/11/17;18;12;7;4;11;22;13;14;10;20;25;15;16;3;23
1581;03/11/17;20;12;6;4;8;16;5;7;13;24;25;3;21;23;11
1582;06/11/17;11;24;10;8;18;16;5;14;23;7;2;19;1;17;25
1583;08/11/17;3;4;19;16;7;9;15;25;17;10;14;23;20;2;6
1584;10/11/17;1;2;17;25;14;16;24;15;5;6;20;11;3;12;19
1585;13/11/17;11;9;18;17;5;19;23;1;4;2;25;7;24;21;6
1586;16/11/17;1;13;20;18;11;19;23;25;12;24;22;16;10;4;3
1587;17/11/17;21;22;17;25;19;16;8;2;14;20;15;3;7;11;5
1588;20/11/17;1;21;17;23;11;15;7;4;22;5;10;9;20;3;14
1589;22/11/17;3;25;24;14;22;4;12;13;6;23;15;17;18;2;1
1590;24/11/17;3;14;20;5;7;8;16;18;1;22;23;25;10;17;21
1591;27/11/17;19;23;5;17;1;3;11;22;7;12;20;24;8;10;21
1592;29/11/17;4;22;2;3;15;14;6;25;16;20;19;1;5;9;12
1593;01/12/17;20;8;14;3;16;24;11;5;22;13;7;4;9;10;17
1594;04/12/17;8;16;10;13;12;17;1;19;6;11;21;15;2;4;25
1595;06/12/17;6;4;22;18;17;25;13;2;1;20;7;11;9;10;3
1596;08/12/17;21;11;22;9;5;20;13;15;18;8;10;12;23;19;24
1597;11/12/17;7;1;21;5;8;22;9;17;19;20;24;13;6;18;2
1598;13/12/17;18;13;19;16;2;6;15;17;24;20;7;10;21;12;5
1599;15/12/17;9;18;6;10;1;20;5;25;14;4;23;22;21;8;3
1600;18/12/17;22;7;16;5;9;23;24;14;13;17;3;2;4;20;18
1601;20/12/17;11;8;9;22;20;25;14;15;10;12;13;6;4;2;18
1602;22/12/17;3;9;23;13;24;15;14;11;1;21;10;8;17;4;19
1603;26/12/17;13;24;16;3;21;23;9;4;19;7;20;1;2;10;14
1604;27/12/17;8;3;12;22;6;21;10;15;5;9;19;4;7;13;24
